Controller name: DT6220, Controller serial number: 2073, Controller software version: 1.2d, Controller option: 0, Controller article number: 4105032, Firmware version: DT6200;V1.4f;8010079, Average type: 3, Average count: 7, Sample time: 9600 µs, Measurement rate: 104.167 Hz, 
Channel 1:, Sensor name: DL6230/ECL2, Serial number: 1439, Article number: 2303024, Range: 2000, Unit: µm, Transmission: on, Math offset (µm): 0.000, , 
Channel 2:, Sensor name: DL6230/ECL2, Serial number: 1440, Article number: 2303024, Range: 2000, Unit: µm, Transmission: on, Math offset (µm): 0.000, , 
DAQ-Start-Time:, 2022-06-17 10:34:14.227, 

Snapshot Time Stamp, Data channel 1 (µm)
2022-06-17 11:45:33.198618,  351.92599
2022-06-17 11:45:33.208219,  351.92575
2022-06-17 11:45:33.217818,  351.92563
2022-06-17 11:45:33.227418,  351.92563
2022-06-17 11:45:33.237018,  351.92551
2022-06-17 11:45:33.246619,  351.92492
2022-06-17 11:45:33.256218,  351.92492
2022-06-17 11:45:33.265818,  351.92480
2022-06-17 11:45:33.275418,  351.92480
2022-06-17 11:45:33.285018,  351.92468
2022-06-17 11:45:33.294618,  351.92468
2022-06-17 11:45:33.304218,  351.92480
2022-06-17 11:45:33.313818,  351.92456
2022-06-17 11:45:33.323418,  351.92432
2022-06-17 11:45:33.333018,  351.92432
2022-06-17 11:45:33.342618,  351.92408
2022-06-17 11:45:33.352218,  351.92432
2022-06-17 11:45:33.361818,  351.92408
2022-06-17 11:45:33.371418,  351.92396
2022-06-17 11:45:33.381018,  351.92384
2022-06-17 11:45:33.390618,  351.92325
2022-06-17 11:45:33.400218,  351.92289
2022-06-17 11:45:33.409818,  351.92289
2022-06-17 11:45:33.419418,  351.92289
2022-06-17 11:45:33.429018,  351.92253
2022-06-17 11:45:33.438618,  351.92253
2022-06-17 11:45:33.448218,  351.92253
2022-06-17 11:45:33.457818,  351.92253
2022-06-17 11:45:33.467418,  351.92265
2022-06-17 11:45:33.477018,  351.92265
2022-06-17 11:45:33.486618,  351.92265
2022-06-17 11:45:33.496218,  351.92313
2022-06-17 11:45:33.505818,  351.92325
2022-06-17 11:45:33.515418,  351.92325
2022-06-17 11:45:33.525018,  351.92325
2022-06-17 11:45:33.534618,  351.92325
2022-06-17 11:45:33.544218,  351.92325
2022-06-17 11:45:33.553818,  351.92325
2022-06-17 11:45:33.563418,  351.92313
2022-06-17 11:45:33.573018,  351.92313
2022-06-17 11:45:33.582618,  351.92301
2022-06-17 11:45:33.592218,  351.92313
2022-06-17 11:45:33.601818,  351.92373
2022-06-17 11:45:33.611418,  351.92432
2022-06-17 11:45:33.621018,  351.92480
2022-06-17 11:45:33.630618,  351.92516
2022-06-17 11:45:33.640218,  351.92516
2022-06-17 11:45:33.649818,  351.92587
2022-06-17 11:45:33.659417,  351.92623
2022-06-17 11:45:33.669018,  351.92682
2022-06-17 11:45:33.678617,  351.92718
2022-06-17 11:45:33.688218,  351.92766
2022-06-17 11:45:33.697817,  351.92766
2022-06-17 11:45:33.707417,  351.92778
2022-06-17 11:45:33.717017,  351.92778
2022-06-17 11:45:33.726617,  351.92778
2022-06-17 11:45:33.736217,  351.92706
2022-06-17 11:45:33.745817,  351.92659
2022-06-17 11:45:33.755417,  351.92659
2022-06-17 11:45:33.765017,  351.92706
2022-06-17 11:45:33.774617,  351.92706
2022-06-17 11:45:33.784217,  351.92682
2022-06-17 11:45:33.793817,  351.92682
2022-06-17 11:45:33.803417,  351.92706
2022-06-17 11:45:33.813017,  351.92706
2022-06-17 11:45:33.822617,  351.92706
2022-06-17 11:45:33.832217,  351.92682
2022-06-17 11:45:33.841817,  351.92682
2022-06-17 11:45:33.851417,  351.92659
2022-06-17 11:45:33.861017,  351.92647
2022-06-17 11:45:33.870617,  351.92563
2022-06-17 11:45:33.880217,  351.92551
2022-06-17 11:45:33.889817,  351.92516
2022-06-17 11:45:33.899417,  351.92516
2022-06-17 11:45:33.909017,  351.92516
2022-06-17 11:45:33.918617,  351.92551
2022-06-17 11:45:33.928217,  351.92516
2022-06-17 11:45:33.937817,  351.92551
2022-06-17 11:45:33.947417,  351.92575
2022-06-17 11:45:33.957017,  351.92575
2022-06-17 11:45:33.966617,  351.92587
2022-06-17 11:45:33.976217,  351.92599
2022-06-17 11:45:33.985817,  351.92599
2022-06-17 11:45:33.995417,  351.92635
2022-06-17 11:45:34.005017,  351.92635
2022-06-17 11:45:34.014617,  351.92635
2022-06-17 11:45:34.024217,  351.92635
2022-06-17 11:45:34.033817,  351.92587
2022-06-17 11:45:34.043417,  351.92563
2022-06-17 11:45:34.053017,  351.92563
2022-06-17 11:45:34.062617,  351.92516
2022-06-17 11:45:34.072217,  351.92492
2022-06-17 11:45:34.081817,  351.92492
2022-06-17 11:45:34.091417,  351.92492
2022-06-17 11:45:34.101017,  351.92492
2022-06-17 11:45:34.110617,  351.92432
2022-06-17 11:45:34.120217,  351.92516
2022-06-17 11:45:34.129817,  351.92563
2022-06-17 11:45:34.139417,  351.92563
2022-06-17 11:45:34.149017,  351.92563
2022-06-17 11:45:34.158617,  351.92563
2022-06-17 11:45:34.168217,  351.92563
2022-06-17 11:45:34.177817,  351.92563
2022-06-17 11:45:34.187417,  351.92563
2022-06-17 11:45:34.197017,  351.92563
2022-06-17 11:45:34.206617,  351.92587
2022-06-17 11:45:34.216217,  351.92563
2022-06-17 11:45:34.225817,  351.92563
2022-06-17 11:45:34.235416,  351.92587
2022-06-17 11:45:34.245017,  351.92587
2022-06-17 11:45:34.254616,  351.92575
2022-06-17 11:45:34.264217,  351.92575
2022-06-17 11:45:34.273816,  351.92575
2022-06-17 11:45:34.283417,  351.92635
2022-06-17 11:45:34.293017,  351.92659
2022-06-17 11:45:34.302616,  351.92635
2022-06-17 11:45:34.312217,  351.92635
2022-06-17 11:45:34.321817,  351.92659
2022-06-17 11:45:34.331417,  351.92659
2022-06-17 11:45:34.341017,  351.92659
2022-06-17 11:45:34.350616,  351.92706
2022-06-17 11:45:34.360217,  351.92706
2022-06-17 11:45:34.369816,  351.92706
2022-06-17 11:45:34.379416,  351.92706
2022-06-17 11:45:34.389016,  351.92635
2022-06-17 11:45:34.398617,  351.92635
2022-06-17 11:45:34.408216,  351.92563
2022-06-17 11:45:34.417816,  351.92504
2022-06-17 11:45:34.427417,  351.92480
2022-06-17 11:45:34.437016,  351.92432
2022-06-17 11:45:34.446616,  351.92432
2022-06-17 11:45:34.456216,  351.92432
2022-06-17 11:45:34.465816,  351.92432
2022-06-17 11:45:34.475416,  351.92444
2022-06-17 11:45:34.485016,  351.92516
2022-06-17 11:45:34.494616,  351.92539
2022-06-17 11:45:34.504216,  351.92563
2022-06-17 11:45:34.513816,  351.92587
2022-06-17 11:45:34.523416,  351.92563
2022-06-17 11:45:34.533016,  351.92539
2022-06-17 11:45:34.542616,  351.92516
2022-06-17 11:45:34.552216,  351.92539
2022-06-17 11:45:34.561816,  351.92516
2022-06-17 11:45:34.571416,  351.92516
2022-06-17 11:45:34.581016,  351.92516
2022-06-17 11:45:34.590616,  351.92563
2022-06-17 11:45:34.600216,  351.92611
2022-06-17 11:45:34.609816,  351.92611
2022-06-17 11:45:34.619416,  351.92623
2022-06-17 11:45:34.629016,  351.92623
2022-06-17 11:45:34.638616,  351.92623
2022-06-17 11:45:34.648216,  351.92623
2022-06-17 11:45:34.657816,  351.92611
2022-06-17 11:45:34.667416,  351.92587
2022-06-17 11:45:34.677016,  351.92575
2022-06-17 11:45:34.686616,  351.92575
2022-06-17 11:45:34.696216,  351.92587
2022-06-17 11:45:34.705816,  351.92575
2022-06-17 11:45:34.715416,  351.92551
2022-06-17 11:45:34.725016,  351.92551
2022-06-17 11:45:34.734616,  351.92551
2022-06-17 11:45:34.744216,  351.92504
2022-06-17 11:45:34.753816,  351.92420
2022-06-17 11:45:34.763416,  351.92420
2022-06-17 11:45:34.773016,  351.92408
2022-06-17 11:45:34.782616,  351.92384
2022-06-17 11:45:34.792216,  351.92384
2022-06-17 11:45:34.801816,  351.92384
2022-06-17 11:45:34.811416,  351.92384
2022-06-17 11:45:34.821016,  351.92384
2022-06-17 11:45:34.830616,  351.92384
2022-06-17 11:45:34.840216,  351.92384
2022-06-17 11:45:34.849816,  351.92384
2022-06-17 11:45:34.859416,  351.92384
2022-06-17 11:45:34.869016,  351.92384
2022-06-17 11:45:34.878616,  351.92277
2022-06-17 11:45:34.888216,  351.92277
2022-06-17 11:45:34.897816,  351.92277
2022-06-17 11:45:34.907416,  351.92289
2022-06-17 11:45:34.917016,  351.92289
2022-06-17 11:45:34.926616,  351.92396
2022-06-17 11:45:34.936216,  351.92408
2022-06-17 11:45:34.945816,  351.92444
2022-06-17 11:45:34.955415,  351.92444
2022-06-17 11:45:34.965016,  351.92444
2022-06-17 11:45:34.974616,  351.92539
2022-06-17 11:45:34.984215,  351.92539
2022-06-17 11:45:34.993815,  351.92539
2022-06-17 11:45:35.003416,  351.92504
2022-06-17 11:45:35.013015,  351.92492
2022-06-17 11:45:35.022615,  351.92492
2022-06-17 11:45:35.032215,  351.92504
2022-06-17 11:45:35.041816,  351.92492
2022-06-17 11:45:35.051415,  351.92480
2022-06-17 11:45:35.061015,  351.92504
2022-06-17 11:45:35.070615,  351.92516
2022-06-17 11:45:35.080215,  351.92516
2022-06-17 11:45:35.089815,  351.92492
2022-06-17 11:45:35.099415,  351.92492
2022-06-17 11:45:35.109015,  351.92492
2022-06-17 11:45:35.118615,  351.92504
2022-06-17 11:45:35.128215,  351.92492
2022-06-17 11:45:35.137815,  351.92492
2022-06-17 11:45:35.147415,  351.92492
2022-06-17 11:45:35.157015,  351.92456
2022-06-17 11:45:35.166615,  351.92432
2022-06-17 11:45:35.176215,  351.92432
2022-06-17 11:45:35.185815,  351.92420
2022-06-17 11:45:35.195415,  351.92432
2022-06-17 11:45:35.205015,  351.92420
2022-06-17 11:45:35.214615,  351.92420
2022-06-17 11:45:35.224215,  351.92420
2022-06-17 11:45:35.233815,  351.92408
2022-06-17 11:45:35.243415,  351.92313
2022-06-17 11:45:35.253015,  351.92313
2022-06-17 11:45:35.262615,  351.92253
2022-06-17 11:45:35.272215,  351.92313
2022-06-17 11:45:35.281815,  351.92253
2022-06-17 11:45:35.291415,  351.92253
2022-06-17 11:45:35.301015,  351.92241
2022-06-17 11:45:35.310615,  351.92253
2022-06-17 11:45:35.320215,  351.92265
2022-06-17 11:45:35.329815,  351.92325
2022-06-17 11:45:35.339415,  351.92265
2022-06-17 11:45:35.349015,  351.92265
2022-06-17 11:45:35.358615,  351.92265
2022-06-17 11:45:35.368215,  351.92265
2022-06-17 11:45:35.377815,  351.92289
2022-06-17 11:45:35.387415,  351.92289
2022-06-17 11:45:35.397015,  351.92289
2022-06-17 11:45:35.406615,  351.92349
2022-06-17 11:45:35.416215,  351.92349
2022-06-17 11:45:35.425815,  351.92349
2022-06-17 11:45:35.435415,  351.92420
2022-06-17 11:45:35.445015,  351.92349
2022-06-17 11:45:35.454614,  351.92349
2022-06-17 11:45:35.464215,  351.92325
2022-06-17 11:45:35.473814,  351.92325
2022-06-17 11:45:35.483415,  351.92432
2022-06-17 11:45:35.493014,  351.92432
2022-06-17 11:45:35.502614,  351.92444
2022-06-17 11:45:35.512214,  351.92492
2022-06-17 11:45:35.521814,  351.92516
2022-06-17 11:45:35.531414,  351.92587
2022-06-17 11:45:35.541014,  351.92599
2022-06-17 11:45:35.550614,  351.92599
2022-06-17 11:45:35.560214,  351.92682
2022-06-17 11:45:35.569814,  351.92682
2022-06-17 11:45:35.579414,  351.92682
2022-06-17 11:45:35.589014,  351.92682
2022-06-17 11:45:35.598614,  351.92682
2022-06-17 11:45:35.608214,  351.92682
2022-06-17 11:45:35.617814,  351.92682
2022-06-17 11:45:35.627414,  351.92659
2022-06-17 11:45:35.637014,  351.92659
2022-06-17 11:45:35.646614,  351.92659
2022-06-17 11:45:35.656214,  351.92766
2022-06-17 11:45:35.665814,  351.92766
2022-06-17 11:45:35.675414,  351.92706
2022-06-17 11:45:35.685014,  351.92659
2022-06-17 11:45:35.694614,  351.92659
2022-06-17 11:45:35.704214,  351.92659
2022-06-17 11:45:35.713814,  351.92659
2022-06-17 11:45:35.723414,  351.92563
2022-06-17 11:45:35.733014,  351.92647
2022-06-17 11:45:35.742614,  351.92563
2022-06-17 11:45:35.752214,  351.92492
2022-06-17 11:45:35.761814,  351.92456
2022-06-17 11:45:35.771414,  351.92432
2022-06-17 11:45:35.781014,  351.92432
2022-06-17 11:45:35.790614,  351.92432
2022-06-17 11:45:35.800214,  351.92408
2022-06-17 11:45:35.809814,  351.92408
2022-06-17 11:45:35.819414,  351.92408
2022-06-17 11:45:35.829014,  351.92408
2022-06-17 11:45:35.838614,  351.92408
2022-06-17 11:45:35.848214,  351.92408
2022-06-17 11:45:35.857814,  351.92396
2022-06-17 11:45:35.867414,  351.92396
2022-06-17 11:45:35.877014,  351.92408
2022-06-17 11:45:35.886614,  351.92396
2022-06-17 11:45:35.896214,  351.92396
2022-06-17 11:45:35.905814,  351.92396
2022-06-17 11:45:35.915414,  351.92396
2022-06-17 11:45:35.925014,  351.92325
2022-06-17 11:45:35.934613,  351.92325
2022-06-17 11:45:35.944214,  351.92277
2022-06-17 11:45:35.953814,  351.92277
2022-06-17 11:45:35.963413,  351.92277
2022-06-17 11:45:35.973014,  351.92277
2022-06-17 11:45:35.982614,  351.92277
2022-06-17 11:45:35.992214,  351.92289
2022-06-17 11:45:36.001813,  351.92289
2022-06-17 11:45:36.011414,  351.92337
2022-06-17 11:45:36.021013,  351.92384
2022-06-17 11:45:36.030613,  351.92408
2022-06-17 11:45:36.040213,  351.92408
2022-06-17 11:45:36.049814,  351.92408
2022-06-17 11:45:36.059413,  351.92408
2022-06-17 11:45:36.069013,  351.92408
2022-06-17 11:45:36.078613,  351.92408
2022-06-17 11:45:36.088213,  351.92408
2022-06-17 11:45:36.097813,  351.92384
2022-06-17 11:45:36.107413,  351.92408
2022-06-17 11:45:36.117013,  351.92408
2022-06-17 11:45:36.126613,  351.92384
2022-06-17 11:45:36.136213,  351.92408
2022-06-17 11:45:36.145813,  351.92408
2022-06-17 11:45:36.155413,  351.92408
2022-06-17 11:45:36.165013,  351.92420
2022-06-17 11:45:36.174613,  351.92420
2022-06-17 11:45:36.184213,  351.92456
2022-06-17 11:45:36.193813,  351.92456
2022-06-17 11:45:36.203413,  351.92504
2022-06-17 11:45:36.213013,  351.92504
2022-06-17 11:45:36.222613,  351.92504
2022-06-17 11:45:36.232213,  351.92456
2022-06-17 11:45:36.241813,  351.92504
2022-06-17 11:45:36.251413,  351.92504
2022-06-17 11:45:36.261013,  351.92504
2022-06-17 11:45:36.270613,  351.92504
2022-06-17 11:45:36.280213,  351.92504
2022-06-17 11:45:36.289813,  351.92575
2022-06-17 11:45:36.299413,  351.92575
2022-06-17 11:45:36.309013,  351.92504
2022-06-17 11:45:36.318613,  351.92492
2022-06-17 11:45:36.328213,  351.92504
2022-06-17 11:45:36.337813,  351.92492
2022-06-17 11:45:36.347413,  351.92492
2022-06-17 11:45:36.357013,  351.92492
2022-06-17 11:45:36.366613,  351.92444
2022-06-17 11:45:36.376213,  351.92492
2022-06-17 11:45:36.385813,  351.92492
2022-06-17 11:45:36.395413,  351.92492
2022-06-17 11:45:36.405013,  351.92444
2022-06-17 11:45:36.414613,  351.92444
2022-06-17 11:45:36.424213,  351.92444
2022-06-17 11:45:36.433813,  351.92468
2022-06-17 11:45:36.443413,  351.92432
2022-06-17 11:45:36.453013,  351.92432
2022-06-17 11:45:36.462613,  351.92396
2022-06-17 11:45:36.472213,  351.92396
2022-06-17 11:45:36.481812,  351.92396
2022-06-17 11:45:36.491413,  351.92408
2022-06-17 11:45:36.501013,  351.92396
2022-06-17 11:45:36.510612,  351.92408
2022-06-17 11:45:36.520212,  351.92396
2022-06-17 11:45:36.529813,  351.92349
2022-06-17 11:45:36.539412,  351.92408
2022-06-17 11:45:36.549012,  351.92408
2022-06-17 11:45:36.558613,  351.92349
2022-06-17 11:45:36.568213,  351.92408
2022-06-17 11:45:36.577812,  351.92408
2022-06-17 11:45:36.587412,  351.92420
2022-06-17 11:45:36.597013,  351.92444
2022-06-17 11:45:36.606612,  351.92444
2022-06-17 11:45:36.616212,  351.92420
2022-06-17 11:45:36.625812,  351.92420
2022-06-17 11:45:36.635412,  351.92408
2022-06-17 11:45:36.645012,  351.92408
2022-06-17 11:45:36.654612,  351.92408
2022-06-17 11:45:36.664212,  351.92408
2022-06-17 11:45:36.673812,  351.92396
2022-06-17 11:45:36.683412,  351.92408
2022-06-17 11:45:36.693012,  351.92408
2022-06-17 11:45:36.702612,  351.92373
2022-06-17 11:45:36.712212,  351.92384
2022-06-17 11:45:36.721812,  351.92373
2022-06-17 11:45:36.731412,  351.92373
2022-06-17 11:45:36.741012,  351.92373
2022-06-17 11:45:36.750612,  351.92337
2022-06-17 11:45:36.760212,  351.92373
2022-06-17 11:45:36.769812,  351.92384
2022-06-17 11:45:36.779412,  351.92384
2022-06-17 11:45:36.789012,  351.92384
2022-06-17 11:45:36.798612,  351.92384
2022-06-17 11:45:36.808212,  351.92384
2022-06-17 11:45:36.817812,  351.92384
2022-06-17 11:45:36.827412,  351.92373
2022-06-17 11:45:36.837012,  351.92373
2022-06-17 11:45:36.846612,  351.92373
2022-06-17 11:45:36.856212,  351.92373
2022-06-17 11:45:36.865812,  351.92373
2022-06-17 11:45:36.875412,  351.92384
2022-06-17 11:45:36.885012,  351.92408
2022-06-17 11:45:36.894612,  351.92432
2022-06-17 11:45:36.904212,  351.92420
2022-06-17 11:45:36.913812,  351.92420
2022-06-17 11:45:36.923412,  351.92420
2022-06-17 11:45:36.933012,  351.92408
2022-06-17 11:45:36.942611,  351.92408
2022-06-17 11:45:36.952212,  351.92408
2022-06-17 11:45:36.961812,  351.92408
2022-06-17 11:45:36.971412,  351.92408
2022-06-17 11:45:36.981011,  351.92456
2022-06-17 11:45:36.990612,  351.92468
2022-06-17 11:45:37.000211,  351.92587
2022-06-17 11:45:37.009812,  351.92587
2022-06-17 11:45:37.019411,  351.92599
2022-06-17 11:45:37.029011,  351.92599
2022-06-17 11:45:37.038612,  351.92611
2022-06-17 11:45:37.048211,  351.92635
2022-06-17 11:45:37.057811,  351.92611
2022-06-17 11:45:37.067411,  351.92611
2022-06-17 11:45:37.077012,  351.92611
2022-06-17 11:45:37.086611,  351.92587
2022-06-17 11:45:37.096211,  351.92587
2022-06-17 11:45:37.105811,  351.92468
2022-06-17 11:45:37.115411,  351.92408
2022-06-17 11:45:37.125011,  351.92408
2022-06-17 11:45:37.134611,  351.92408
2022-06-17 11:45:37.144211,  351.92444
2022-06-17 11:45:37.153811,  351.92468
2022-06-17 11:45:37.163411,  351.92444
2022-06-17 11:45:37.173011,  351.92444
2022-06-17 11:45:37.182611,  351.92444
2022-06-17 11:45:37.192211,  351.92420
2022-06-17 11:45:37.201811,  351.92420
2022-06-17 11:45:37.211411,  351.92408
2022-06-17 11:45:37.221011,  351.92373
2022-06-17 11:45:37.230611,  351.92373
2022-06-17 11:45:37.240211,  351.92373
2022-06-17 11:45:37.249811,  351.92396
2022-06-17 11:45:37.259411,  351.92373
2022-06-17 11:45:37.269011,  351.92373
2022-06-17 11:45:37.278611,  351.92373
2022-06-17 11:45:37.288211,  351.92373
2022-06-17 11:45:37.297811,  351.92373
2022-06-17 11:45:37.307411,  351.92337
2022-06-17 11:45:37.317011,  351.92337
2022-06-17 11:45:37.326611,  351.92337
2022-06-17 11:45:37.336211,  351.92337
2022-06-17 11:45:37.345811,  351.92337
2022-06-17 11:45:37.355411,  351.92396
2022-06-17 11:45:37.365011,  351.92396
2022-06-17 11:45:37.374611,  351.92408
2022-06-17 11:45:37.384211,  351.92396
2022-06-17 11:45:37.393811,  351.92408
2022-06-17 11:45:37.403411,  351.92408
2022-06-17 11:45:37.413011,  351.92408
2022-06-17 11:45:37.422611,  351.92396
2022-06-17 11:45:37.432211,  351.92444
2022-06-17 11:45:37.441811,  351.92396
2022-06-17 11:45:37.451411,  351.92396
2022-06-17 11:45:37.461010,  351.92396
2022-06-17 11:45:37.470611,  351.92396
2022-06-17 11:45:37.480211,  351.92396
2022-06-17 11:45:37.489810,  351.92408
2022-06-17 11:45:37.499410,  351.92408
2022-06-17 11:45:37.509011,  351.92432
2022-06-17 11:45:37.518610,  351.92539
2022-06-17 11:45:37.528210,  351.92539
2022-06-17 11:45:37.537811,  351.92480
2022-06-17 11:45:37.547410,  351.92516
2022-06-17 11:45:37.557010,  351.92480
2022-06-17 11:45:37.566610,  351.92516
2022-06-17 11:45:37.576210,  351.92516
2022-06-17 11:45:37.585810,  351.92480
2022-06-17 11:45:37.595410,  351.92516
2022-06-17 11:45:37.605010,  351.92563
2022-06-17 11:45:37.614610,  351.92575
2022-06-17 11:45:37.624210,  351.92575
2022-06-17 11:45:37.633810,  351.92575
2022-06-17 11:45:37.643410,  351.92575
2022-06-17 11:45:37.653010,  351.92575
2022-06-17 11:45:37.662610,  351.92575
2022-06-17 11:45:37.672210,  351.92551
2022-06-17 11:45:37.681810,  351.92551
2022-06-17 11:45:37.691410,  351.92551
2022-06-17 11:45:37.701010,  351.92647
2022-06-17 11:45:37.710610,  351.92647
2022-06-17 11:45:37.720210,  351.92671
2022-06-17 11:45:37.729810,  351.92671
2022-06-17 11:45:37.739410,  351.92671
2022-06-17 11:45:37.749010,  351.92671
2022-06-17 11:45:37.758610,  351.92682
2022-06-17 11:45:37.768210,  351.92706
2022-06-17 11:45:37.777810,  351.92706
2022-06-17 11:45:37.787410,  351.92682
2022-06-17 11:45:37.797010,  351.92599
2022-06-17 11:45:37.806610,  351.92599
2022-06-17 11:45:37.816210,  351.92599
2022-06-17 11:45:37.825810,  351.92599
2022-06-17 11:45:37.835410,  351.92480
2022-06-17 11:45:37.845010,  351.92480
2022-06-17 11:45:37.854610,  351.92468
2022-06-17 11:45:37.864210,  351.92456
2022-06-17 11:45:37.873810,  351.92456
2022-06-17 11:45:37.883410,  351.92456
2022-06-17 11:45:37.893010,  351.92456
2022-06-17 11:45:37.902610,  351.92456
2022-06-17 11:45:37.912210,  351.92456
2022-06-17 11:45:37.921810,  351.92456
2022-06-17 11:45:37.931410,  351.92456
2022-06-17 11:45:37.941010,  351.92420
2022-06-17 11:45:37.950610,  351.92420
2022-06-17 11:45:37.960210,  351.92420
2022-06-17 11:45:37.969810,  351.92384
2022-06-17 11:45:37.979410,  351.92420
2022-06-17 11:45:37.989010,  351.92420
2022-06-17 11:45:37.998610,  351.92420
2022-06-17 11:45:38.008209,  351.92408
2022-06-17 11:45:38.017810,  351.92384
2022-06-17 11:45:38.027409,  351.92384
2022-06-17 11:45:38.037009,  351.92408
2022-06-17 11:45:38.046609,  351.92408
2022-06-17 11:45:38.056210,  351.92408
2022-06-17 11:45:38.065809,  351.92384
2022-06-17 11:45:38.075409,  351.92408
2022-06-17 11:45:38.085009,  351.92432
2022-06-17 11:45:38.094609,  351.92456
2022-06-17 11:45:38.104209,  351.92432
2022-06-17 11:45:38.113809,  351.92408
2022-06-17 11:45:38.123410,  351.92396
2022-06-17 11:45:38.133009,  351.92432
2022-06-17 11:45:38.142609,  351.92396
2022-06-17 11:45:38.152209,  351.92396
2022-06-17 11:45:38.161809,  351.92396
2022-06-17 11:45:38.171409,  351.92408
2022-06-17 11:45:38.181009,  351.92468
2022-06-17 11:45:38.190609,  351.92516
2022-06-17 11:45:38.200209,  351.92551
2022-06-17 11:45:38.209809,  351.92551
2022-06-17 11:45:38.219409,  351.92575
2022-06-17 11:45:38.229009,  351.92611
2022-06-17 11:45:38.238609,  351.92611
2022-06-17 11:45:38.248209,  351.92575
2022-06-17 11:45:38.257809,  351.92575
2022-06-17 11:45:38.267409,  351.92575
2022-06-17 11:45:38.277009,  351.92575
2022-06-17 11:45:38.286609,  351.92575
2022-06-17 11:45:38.296209,  351.92551
2022-06-17 11:45:38.305809,  351.92551
2022-06-17 11:45:38.315409,  351.92623
2022-06-17 11:45:38.325009,  351.92623
2022-06-17 11:45:38.334609,  351.92575
2022-06-17 11:45:38.344209,  351.92575
2022-06-17 11:45:38.353809,  351.92575
2022-06-17 11:45:38.363409,  351.92575
2022-06-17 11:45:38.373009,  351.92575
2022-06-17 11:45:38.382609,  351.92575
2022-06-17 11:45:38.392209,  351.92623
2022-06-17 11:45:38.401809,  351.92647
2022-06-17 11:45:38.411409,  351.92671
2022-06-17 11:45:38.421009,  351.92659
2022-06-17 11:45:38.430609,  351.92778
2022-06-17 11:45:38.440209,  351.92778
2022-06-17 11:45:38.449809,  351.92659
2022-06-17 11:45:38.459409,  351.92659
2022-06-17 11:45:38.469008,  351.92659
2022-06-17 11:45:38.478609,  351.92659
2022-06-17 11:45:38.488209,  351.92706
2022-06-17 11:45:38.497809,  351.92659
2022-06-17 11:45:38.507409,  351.92659
2022-06-17 11:45:38.517009,  351.92706
2022-06-17 11:45:38.526609,  351.92706
2022-06-17 11:45:38.536208,  351.92742
2022-06-17 11:45:38.545809,  351.92706
2022-06-17 11:45:38.555408,  351.92706
2022-06-17 11:45:38.565009,  351.92742
2022-06-17 11:45:38.574608,  351.92742
2022-06-17 11:45:38.584208,  351.92742
2022-06-17 11:45:38.593808,  351.92742
2022-06-17 11:45:38.603408,  351.92706
2022-06-17 11:45:38.613008,  351.92706
2022-06-17 11:45:38.622608,  351.92671
2022-06-17 11:45:38.632208,  351.92671
2022-06-17 11:45:38.641808,  351.92635
2022-06-17 11:45:38.651408,  351.92563
2022-06-17 11:45:38.661008,  351.92563
2022-06-17 11:45:38.670608,  351.92563
2022-06-17 11:45:38.680208,  351.92504
2022-06-17 11:45:38.689808,  351.92468
2022-06-17 11:45:38.699408,  351.92468
2022-06-17 11:45:38.709008,  351.92468
2022-06-17 11:45:38.718608,  351.92468
2022-06-17 11:45:38.728208,  351.92432
2022-06-17 11:45:38.737808,  351.92396
2022-06-17 11:45:38.747408,  351.92396
2022-06-17 11:45:38.757008,  351.92396
2022-06-17 11:45:38.766608,  351.92349
2022-06-17 11:45:38.776208,  351.92349
2022-06-17 11:45:38.785808,  351.92349
2022-06-17 11:45:38.795408,  351.92396
2022-06-17 11:45:38.805008,  351.92396
2022-06-17 11:45:38.814608,  351.92396
2022-06-17 11:45:38.824208,  351.92444
2022-06-17 11:45:38.833808,  351.92444
2022-06-17 11:45:38.843408,  351.92444
2022-06-17 11:45:38.853008,  351.92396
2022-06-17 11:45:38.862608,  351.92396
2022-06-17 11:45:38.872208,  351.92408
2022-06-17 11:45:38.881808,  351.92373
2022-06-17 11:45:38.891408,  351.92349
2022-06-17 11:45:38.901008,  351.92373
2022-06-17 11:45:38.910608,  351.92408
2022-06-17 11:45:38.920208,  351.92408
2022-06-17 11:45:38.929808,  351.92480
2022-06-17 11:45:38.939408,  351.92420
2022-06-17 11:45:38.949008,  351.92468
2022-06-17 11:45:38.958608,  351.92468
2022-06-17 11:45:38.968208,  351.92468
2022-06-17 11:45:38.977808,  351.92468
2022-06-17 11:45:38.987408,  351.92492
2022-06-17 11:45:38.997008,  351.92504
2022-06-17 11:45:39.006608,  351.92504
2022-06-17 11:45:39.016207,  351.92504
2022-06-17 11:45:39.025808,  351.92587
2022-06-17 11:45:39.035408,  351.92587
2022-06-17 11:45:39.045007,  351.92587
2022-06-17 11:45:39.054607,  351.92504
2022-06-17 11:45:39.064208,  351.92480
2022-06-17 11:45:39.073807,  351.92492
2022-06-17 11:45:39.083407,  351.92480
2022-06-17 11:45:39.093007,  351.92480
2022-06-17 11:45:39.102607,  351.92480
2022-06-17 11:45:39.112207,  351.92480
2022-06-17 11:45:39.121807,  351.92432
2022-06-17 11:45:39.131407,  351.92396
2022-06-17 11:45:39.141007,  351.92396
2022-06-17 11:45:39.150607,  351.92420
2022-06-17 11:45:39.160207,  351.92396
2022-06-17 11:45:39.169807,  351.92420
2022-06-17 11:45:39.179407,  351.92432
2022-06-17 11:45:39.189007,  351.92432
2022-06-17 11:45:39.198607,  351.92432
2022-06-17 11:45:39.208207,  351.92468
2022-06-17 11:45:39.217807,  351.92492
2022-06-17 11:45:39.227407,  351.92492
2022-06-17 11:45:39.237007,  351.92492
2022-06-17 11:45:39.246607,  351.92480
2022-06-17 11:45:39.256207,  351.92480
2022-06-17 11:45:39.265807,  351.92492
2022-06-17 11:45:39.275407,  351.92480
2022-06-17 11:45:39.285007,  351.92468
2022-06-17 11:45:39.294607,  351.92468
2022-06-17 11:45:39.304207,  351.92444
2022-06-17 11:45:39.313807,  351.92408
2022-06-17 11:45:39.323407,  351.92396
2022-06-17 11:45:39.333007,  351.92396
2022-06-17 11:45:39.342607,  351.92396
2022-06-17 11:45:39.352207,  351.92408
2022-06-17 11:45:39.361807,  351.92432
2022-06-17 11:45:39.371407,  351.92420
2022-06-17 11:45:39.381007,  351.92432
2022-06-17 11:45:39.390607,  351.92432
2022-06-17 11:45:39.400207,  351.92444
2022-06-17 11:45:39.409807,  351.92432
2022-06-17 11:45:39.419407,  351.92444
2022-06-17 11:45:39.429007,  351.92444
2022-06-17 11:45:39.438607,  351.92444
2022-06-17 11:45:39.448207,  351.92480
2022-06-17 11:45:39.457807,  351.92480
2022-06-17 11:45:39.467407,  351.92480
2022-06-17 11:45:39.477007,  351.92492
2022-06-17 11:45:39.486607,  351.92492
2022-06-17 11:45:39.496207,  351.92480
2022-06-17 11:45:39.505807,  351.92563
2022-06-17 11:45:39.515407,  351.92575
2022-06-17 11:45:39.525007,  351.92599
2022-06-17 11:45:39.534606,  351.92647
2022-06-17 11:45:39.544207,  351.92647
2022-06-17 11:45:39.553806,  351.92659
2022-06-17 11:45:39.563406,  351.92659
2022-06-17 11:45:39.573006,  351.92671
2022-06-17 11:45:39.582607,  351.92682
2022-06-17 11:45:39.592206,  351.92706
2022-06-17 11:45:39.601806,  351.92718
2022-06-17 11:45:39.611406,  351.92706
2022-06-17 11:45:39.621006,  351.92718
2022-06-17 11:45:39.630606,  351.92718
2022-06-17 11:45:39.640206,  351.92718
2022-06-17 11:45:39.649806,  351.92718
2022-06-17 11:45:39.659406,  351.92718
2022-06-17 11:45:39.669006,  351.92671
2022-06-17 11:45:39.678606,  351.92718
2022-06-17 11:45:39.688206,  351.92718
2022-06-17 11:45:39.697806,  351.92718
2022-06-17 11:45:39.707406,  351.92706
2022-06-17 11:45:39.717006,  351.92742
2022-06-17 11:45:39.726606,  351.92790
2022-06-17 11:45:39.736206,  351.92790
2022-06-17 11:45:39.745806,  351.92802
2022-06-17 11:45:39.755406,  351.92802
2022-06-17 11:45:39.765006,  351.92802
2022-06-17 11:45:39.774606,  351.92802
2022-06-17 11:45:39.784206,  351.92790
2022-06-17 11:45:39.793806,  351.92623
2022-06-17 11:45:39.803406,  351.92623
2022-06-17 11:45:39.813006,  351.92623
2022-06-17 11:45:39.822606,  351.92623
2022-06-17 11:45:39.832206,  351.92623
2022-06-17 11:45:39.841806,  351.92623
2022-06-17 11:45:39.851406,  351.92635
2022-06-17 11:45:39.861006,  351.92635
2022-06-17 11:45:39.870606,  351.92635
2022-06-17 11:45:39.880206,  351.92635
2022-06-17 11:45:39.889806,  351.92623
2022-06-17 11:45:39.899406,  351.92635
2022-06-17 11:45:39.909006,  351.92623
2022-06-17 11:45:39.918606,  351.92623
2022-06-17 11:45:39.928206,  351.92611
2022-06-17 11:45:39.937806,  351.92623
2022-06-17 11:45:39.947406,  351.92623
2022-06-17 11:45:39.957006,  351.92623
2022-06-17 11:45:39.966606,  351.92611
2022-06-17 11:45:39.976206,  351.92611
2022-06-17 11:45:39.985806,  351.92587
2022-06-17 11:45:39.995405,  351.92587
2022-06-17 11:45:40.005006,  351.92492
2022-06-17 11:45:40.014606,  351.92480
2022-06-17 11:45:40.024206,  351.92480
2022-06-17 11:45:40.033805,  351.92480
2022-06-17 11:45:40.043406,  351.92468
2022-06-17 11:45:40.053005,  351.92444
2022-06-17 11:45:40.062605,  351.92432
2022-06-17 11:45:40.072205,  351.92432
2022-06-17 11:45:40.081805,  351.92432
2022-06-17 11:45:40.091405,  351.92432
2022-06-17 11:45:40.101005,  351.92480
2022-06-17 11:45:40.110605,  351.92480
2022-06-17 11:45:40.120205,  351.92504
2022-06-17 11:45:40.129805,  351.92516
2022-06-17 11:45:40.139405,  351.92516
2022-06-17 11:45:40.149005,  351.92516
2022-06-17 11:45:40.158605,  351.92539
2022-06-17 11:45:40.168205,  351.92551
2022-06-17 11:45:40.177805,  351.92551
2022-06-17 11:45:40.187405,  351.92551
2022-06-17 11:45:40.197005,  351.92551
2022-06-17 11:45:40.206605,  351.92575
2022-06-17 11:45:40.216205,  351.92563
2022-06-17 11:45:40.225805,  351.92575
2022-06-17 11:45:40.235405,  351.92623
2022-06-17 11:45:40.245005,  351.92623
2022-06-17 11:45:40.254605,  351.92623
2022-06-17 11:45:40.264205,  351.92623
2022-06-17 11:45:40.273805,  351.92623
2022-06-17 11:45:40.283405,  351.92647
2022-06-17 11:45:40.293005,  351.92742
2022-06-17 11:45:40.302605,  351.92742
2022-06-17 11:45:40.312205,  351.92742
2022-06-17 11:45:40.321805,  351.92742
2022-06-17 11:45:40.331405,  351.92706
2022-06-17 11:45:40.341005,  351.92682
2022-06-17 11:45:40.350605,  351.92682
2022-06-17 11:45:40.360205,  351.92682
2022-06-17 11:45:40.369805,  351.92682
2022-06-17 11:45:40.379405,  351.92706
2022-06-17 11:45:40.389005,  351.92706
2022-06-17 11:45:40.398605,  351.92718
2022-06-17 11:45:40.408205,  351.92718
2022-06-17 11:45:40.417805,  351.92635
2022-06-17 11:45:40.427405,  351.92623
2022-06-17 11:45:40.437005,  351.92623
2022-06-17 11:45:40.446605,  351.92563
2022-06-17 11:45:40.456205,  351.92563
2022-06-17 11:45:40.465805,  351.92516
2022-06-17 11:45:40.475405,  351.92516
2022-06-17 11:45:40.485005,  351.92468
2022-06-17 11:45:40.494605,  351.92468
2022-06-17 11:45:40.504205,  351.92468
2022-06-17 11:45:40.513805,  351.92468
2022-06-17 11:45:40.523405,  351.92456
2022-06-17 11:45:40.533005,  351.92468
2022-06-17 11:45:40.542605,  351.92468
2022-06-17 11:45:40.552205,  351.92468
2022-06-17 11:45:40.561805,  351.92468
2022-06-17 11:45:40.571404,  351.92456
2022-06-17 11:45:40.581005,  351.92456
2022-06-17 11:45:40.590605,  351.92480
2022-06-17 11:45:40.600205,  351.92432
2022-06-17 11:45:40.609804,  351.92432
2022-06-17 11:45:40.619405,  351.92432
2022-06-17 11:45:40.629004,  351.92432
2022-06-17 11:45:40.638604,  351.92444
2022-06-17 11:45:40.648204,  351.92432
2022-06-17 11:45:40.657804,  351.92432
2022-06-17 11:45:40.667404,  351.92444
2022-06-17 11:45:40.677004,  351.92444
2022-06-17 11:45:40.686604,  351.92468
2022-06-17 11:45:40.696204,  351.92468
2022-06-17 11:45:40.705804,  351.92575
2022-06-17 11:45:40.715404,  351.92575
2022-06-17 11:45:40.725004,  351.92575
2022-06-17 11:45:40.734604,  351.92516
2022-06-17 11:45:40.744204,  351.92575
2022-06-17 11:45:40.753804,  351.92575
2022-06-17 11:45:40.763404,  351.92575
2022-06-17 11:45:40.773004,  351.92575
2022-06-17 11:45:40.782604,  351.92516
2022-06-17 11:45:40.792204,  351.92611
2022-06-17 11:45:40.801804,  351.92611
2022-06-17 11:45:40.811404,  351.92611
2022-06-17 11:45:40.821004,  351.92611
2022-06-17 11:45:40.830604,  351.92611
2022-06-17 11:45:40.840204,  351.92611
2022-06-17 11:45:40.849804,  351.92611
2022-06-17 11:45:40.859404,  351.92611
2022-06-17 11:45:40.869004,  351.92611
2022-06-17 11:45:40.878604,  351.92611
2022-06-17 11:45:40.888204,  351.92659
2022-06-17 11:45:40.897804,  351.92671
2022-06-17 11:45:40.907404,  351.92682
2022-06-17 11:45:40.917004,  351.92706
2022-06-17 11:45:40.926604,  351.92706
2022-06-17 11:45:40.936204,  351.92706
2022-06-17 11:45:40.945804,  351.92706
2022-06-17 11:45:40.955404,  351.92706
2022-06-17 11:45:40.965004,  351.92647
2022-06-17 11:45:40.974604,  351.92647
2022-06-17 11:45:40.984204,  351.92635
2022-06-17 11:45:40.993804,  351.92611
2022-06-17 11:45:41.003404,  351.92611
2022-06-17 11:45:41.013004,  351.92611
2022-06-17 11:45:41.022604,  351.92611
2022-06-17 11:45:41.032204,  351.92635
2022-06-17 11:45:41.041804,  351.92563
2022-06-17 11:45:41.051404,  351.92563
2022-06-17 11:45:41.061004,  351.92623
2022-06-17 11:45:41.070604,  351.92563
2022-06-17 11:45:41.080204,  351.92623
2022-06-17 11:45:41.089803,  351.92623
2022-06-17 11:45:41.099404,  351.92480
2022-06-17 11:45:41.109003,  351.92480
2022-06-17 11:45:41.118603,  351.92480
2022-06-17 11:45:41.128203,  351.92444
2022-06-17 11:45:41.137804,  351.92444
2022-06-17 11:45:41.147403,  351.92444
2022-06-17 11:45:41.157003,  351.92384
2022-06-17 11:45:41.166603,  351.92468
2022-06-17 11:45:41.176203,  351.92468
2022-06-17 11:45:41.185803,  351.92468
2022-06-17 11:45:41.195403,  351.92504
2022-06-17 11:45:41.205003,  351.92480
2022-06-17 11:45:41.214603,  351.92468
2022-06-17 11:45:41.224203,  351.92480
2022-06-17 11:45:41.233803,  351.92516
2022-06-17 11:45:41.243403,  351.92516
2022-06-17 11:45:41.253003,  351.92516
2022-06-17 11:45:41.262603,  351.92516
2022-06-17 11:45:41.272203,  351.92516
2022-06-17 11:45:41.281803,  351.92516
2022-06-17 11:45:41.291403,  351.92408
2022-06-17 11:45:41.301003,  351.92408
2022-06-17 11:45:41.310603,  351.92408
2022-06-17 11:45:41.320203,  351.92373
2022-06-17 11:45:41.329803,  351.92349
2022-06-17 11:45:41.339403,  351.92349
2022-06-17 11:45:41.349003,  351.92373
2022-06-17 11:45:41.358603,  351.92456
2022-06-17 11:45:41.368203,  351.92456
2022-06-17 11:45:41.377803,  351.92456
2022-06-17 11:45:41.387403,  351.92456
2022-06-17 11:45:41.397003,  351.92480
2022-06-17 11:45:41.406603,  351.92480
2022-06-17 11:45:41.416203,  351.92504
2022-06-17 11:45:41.425803,  351.92599
2022-06-17 11:45:41.435403,  351.92599
2022-06-17 11:45:41.445003,  351.92551
2022-06-17 11:45:41.454603,  351.92563
2022-06-17 11:45:41.464203,  351.92599
2022-06-17 11:45:41.473803,  351.92563
2022-06-17 11:45:41.483403,  351.92563
2022-06-17 11:45:41.493003,  351.92563
2022-06-17 11:45:41.502603,  351.92587
2022-06-17 11:45:41.512203,  351.92587
2022-06-17 11:45:41.521803,  351.92647
2022-06-17 11:45:41.531403,  351.92587
2022-06-17 11:45:41.541003,  351.92647
2022-06-17 11:45:41.550602,  351.92647
2022-06-17 11:45:41.560203,  351.92647
2022-06-17 11:45:41.569803,  351.92647
2022-06-17 11:45:41.579403,  351.92647
2022-06-17 11:45:41.589002,  351.92635
2022-06-17 11:45:41.598603,  351.92635
2022-06-17 11:45:41.608203,  351.92635
2022-06-17 11:45:41.617802,  351.92635
2022-06-17 11:45:41.627403,  351.92623
2022-06-17 11:45:41.637002,  351.92623
2022-06-17 11:45:41.646603,  351.92551
2022-06-17 11:45:41.656202,  351.92539
2022-06-17 11:45:41.665802,  351.92492
2022-06-17 11:45:41.675402,  351.92480
2022-06-17 11:45:41.685002,  351.92480
2022-06-17 11:45:41.694602,  351.92480
2022-06-17 11:45:41.704202,  351.92492
2022-06-17 11:45:41.713802,  351.92504
2022-06-17 11:45:41.723402,  351.92504
2022-06-17 11:45:41.733002,  351.92551
2022-06-17 11:45:41.742602,  351.92551
2022-06-17 11:45:41.752202,  351.92551
2022-06-17 11:45:41.761802,  351.92504
2022-06-17 11:45:41.771402,  351.92480
2022-06-17 11:45:41.781002,  351.92480
2022-06-17 11:45:41.790602,  351.92480
2022-06-17 11:45:41.800202,  351.92420
2022-06-17 11:45:41.809802,  351.92420
2022-06-17 11:45:41.819402,  351.92420
2022-06-17 11:45:41.829002,  351.92408
2022-06-17 11:45:41.838602,  351.92408
2022-06-17 11:45:41.848202,  351.92396
2022-06-17 11:45:41.857802,  351.92396
2022-06-17 11:45:41.867402,  351.92396
2022-06-17 11:45:41.877002,  351.92396
2022-06-17 11:45:41.886602,  351.92396
2022-06-17 11:45:41.896202,  351.92408
2022-06-17 11:45:41.905802,  351.92432
2022-06-17 11:45:41.915402,  351.92432
2022-06-17 11:45:41.925002,  351.92444
2022-06-17 11:45:41.934602,  351.92444
2022-06-17 11:45:41.944202,  351.92456
2022-06-17 11:45:41.953802,  351.92456
2022-06-17 11:45:41.963402,  351.92456
2022-06-17 11:45:41.973002,  351.92468
2022-06-17 11:45:41.982602,  351.92468
2022-06-17 11:45:41.992202,  351.92468
2022-06-17 11:45:42.001802,  351.92516
2022-06-17 11:45:42.011402,  351.92480
2022-06-17 11:45:42.021002,  351.92516
2022-06-17 11:45:42.030602,  351.92587
2022-06-17 11:45:42.040202,  351.92635
2022-06-17 11:45:42.049802,  351.92635
2022-06-17 11:45:42.059402,  351.92647
2022-06-17 11:45:42.069001,  351.92659
2022-06-17 11:45:42.078602,  351.92682
2022-06-17 11:45:42.088202,  351.92682
2022-06-17 11:45:42.097801,  351.92682
2022-06-17 11:45:42.107402,  351.92682
2022-06-17 11:45:42.117002,  351.92682
2022-06-17 11:45:42.126601,  351.92682
2022-06-17 11:45:42.136201,  351.92718
2022-06-17 11:45:42.145802,  351.92718
2022-06-17 11:45:42.155401,  351.92682
2022-06-17 11:45:42.165001,  351.92682
2022-06-17 11:45:42.174601,  351.92671
2022-06-17 11:45:42.184201,  351.92635
2022-06-17 11:45:42.193801,  351.92647
2022-06-17 11:45:42.203401,  351.92647
2022-06-17 11:45:42.213001,  351.92635
2022-06-17 11:45:42.222601,  351.92647
2022-06-17 11:45:42.232201,  351.92635
2022-06-17 11:45:42.241801,  351.92635
2022-06-17 11:45:42.251401,  351.92635
2022-06-17 11:45:42.261001,  351.92623
2022-06-17 11:45:42.270601,  351.92623
2022-06-17 11:45:42.280201,  351.92635
2022-06-17 11:45:42.289801,  351.92599
2022-06-17 11:45:42.299401,  351.92599
2022-06-17 11:45:42.309001,  351.92587
2022-06-17 11:45:42.318601,  351.92587
2022-06-17 11:45:42.328201,  351.92599
2022-06-17 11:45:42.337801,  351.92587
2022-06-17 11:45:42.347401,  351.92575
2022-06-17 11:45:42.357001,  351.92516
2022-06-17 11:45:42.366601,  351.92504
2022-06-17 11:45:42.376201,  351.92504
2022-06-17 11:45:42.385801,  351.92504
2022-06-17 11:45:42.395401,  351.92504
2022-06-17 11:45:42.405001,  351.92516
2022-06-17 11:45:42.414601,  351.92516
2022-06-17 11:45:42.424201,  351.92539
2022-06-17 11:45:42.433801,  351.92539
2022-06-17 11:45:42.443401,  351.92504
2022-06-17 11:45:42.453001,  351.92539
2022-06-17 11:45:42.462601,  351.92468
2022-06-17 11:45:42.472201,  351.92468
2022-06-17 11:45:42.481801,  351.92468
2022-06-17 11:45:42.491401,  351.92468
2022-06-17 11:45:42.501001,  351.92432
2022-06-17 11:45:42.510601,  351.92456
2022-06-17 11:45:42.520201,  351.92456
2022-06-17 11:45:42.529801,  351.92432
2022-06-17 11:45:42.539401,  351.92432
2022-06-17 11:45:42.549001,  351.92456
2022-06-17 11:45:42.558601,  351.92456
2022-06-17 11:45:42.568201,  351.92480
2022-06-17 11:45:42.577801,  351.92480
2022-06-17 11:45:42.587401,  351.92480
2022-06-17 11:45:42.597001,  351.92516
2022-06-17 11:45:42.606601,  351.92587
2022-06-17 11:45:42.616201,  351.92587
2022-06-17 11:45:42.625801,  351.92504
2022-06-17 11:45:42.635401,  351.92504
2022-06-17 11:45:42.645001,  351.92504
2022-06-17 11:45:42.654601,  351.92504
2022-06-17 11:45:42.664201,  351.92504
2022-06-17 11:45:42.673801,  351.92492
2022-06-17 11:45:42.683401,  351.92492
2022-06-17 11:45:42.693001,  351.92492
2022-06-17 11:45:42.702601,  351.92563
2022-06-17 11:45:42.712201,  351.92563
2022-06-17 11:45:42.721801,  351.92563
2022-06-17 11:45:42.731401,  351.92563
2022-06-17 11:45:42.741001,  351.92587
2022-06-17 11:45:42.750601,  351.92623
2022-06-17 11:45:42.760201,  351.92623
2022-06-17 11:45:42.769800,  351.92623
2022-06-17 11:45:42.779401,  351.92659
2022-06-17 11:45:42.789001,  351.92659
2022-06-17 11:45:42.798601,  351.92659
2022-06-17 11:45:42.808200,  351.92647
2022-06-17 11:45:42.817801,  351.92647
2022-06-17 11:45:42.827400,  351.92587
2022-06-17 11:45:42.837000,  351.92587
2022-06-17 11:45:42.846600,  351.92587
2022-06-17 11:45:42.856200,  351.92587
2022-06-17 11:45:42.865800,  351.92587
2022-06-17 11:45:42.875400,  351.92587
2022-06-17 11:45:42.885000,  351.92599
2022-06-17 11:45:42.894600,  351.92611
2022-06-17 11:45:42.904200,  351.92611
2022-06-17 11:45:42.913800,  351.92623
2022-06-17 11:45:42.923400,  351.92659
2022-06-17 11:45:42.933000,  351.92706
2022-06-17 11:45:42.942600,  351.92706
2022-06-17 11:45:42.952200,  351.92706
2022-06-17 11:45:42.961800,  351.92706
2022-06-17 11:45:42.971400,  351.92706
2022-06-17 11:45:42.981000,  351.92647
2022-06-17 11:45:42.990600,  351.92611
2022-06-17 11:45:43.000200,  351.92611
2022-06-17 11:45:43.009800,  351.92611
2022-06-17 11:45:43.019400,  351.92611
2022-06-17 11:45:43.029000,  351.92611
2022-06-17 11:45:43.038600,  351.92611
2022-06-17 11:45:43.048200,  351.92682
2022-06-17 11:45:43.057800,  351.92706
2022-06-17 11:45:43.067400,  351.92706
2022-06-17 11:45:43.077000,  351.92730
2022-06-17 11:45:43.086600,  351.92754
2022-06-17 11:45:43.096200,  351.92754
2022-06-17 11:45:43.105800,  351.92754
2022-06-17 11:45:43.115400,  351.92742
2022-06-17 11:45:43.125000,  351.92706
2022-06-17 11:45:43.134600,  351.92647
2022-06-17 11:45:43.144200,  351.92611
2022-06-17 11:45:43.153800,  351.92611
2022-06-17 11:45:43.163400,  351.92611
2022-06-17 11:45:43.173000,  351.92587
2022-06-17 11:45:43.182600,  351.92587
2022-06-17 11:45:43.192200,  351.92575
2022-06-17 11:45:43.201800,  351.92516
2022-06-17 11:45:43.211400,  351.92468
2022-06-17 11:45:43.221000,  351.92468
2022-06-17 11:45:43.230600,  351.92468
2022-06-17 11:45:43.240200,  351.92456
2022-06-17 11:45:43.249800,  351.92432
2022-06-17 11:45:43.259400,  351.92456
2022-06-17 11:45:43.269000,  351.92468
2022-06-17 11:45:43.278600,  351.92480
2022-06-17 11:45:43.288200,  351.92480
2022-06-17 11:45:43.297800,  351.92563
2022-06-17 11:45:43.307400,  351.92575
2022-06-17 11:45:43.317000,  351.92587
2022-06-17 11:45:43.326600,  351.92587
2022-06-17 11:45:43.336200,  351.92587
2022-06-17 11:45:43.345800,  351.92563
2022-06-17 11:45:43.355400,  351.92551
2022-06-17 11:45:43.365000,  351.92551
2022-06-17 11:45:43.374600,  351.92551
2022-06-17 11:45:43.384200,  351.92551
2022-06-17 11:45:43.393800,  351.92551
2022-06-17 11:45:43.403400,  351.92551
2022-06-17 11:45:43.413000,  351.92599
2022-06-17 11:45:43.422600,  351.92599
2022-06-17 11:45:43.432200,  351.92599
2022-06-17 11:45:43.441800,  351.92599
2022-06-17 11:45:43.451400,  351.92671
2022-06-17 11:45:43.461000,  351.92718
2022-06-17 11:45:43.470600,  351.92718
2022-06-17 11:45:43.480200,  351.92742
2022-06-17 11:45:43.489799,  351.92790
2022-06-17 11:45:43.499400,  351.92790
2022-06-17 11:45:43.509000,  351.92814
2022-06-17 11:45:43.518600,  351.92814
2022-06-17 11:45:43.528199,  351.92814
2022-06-17 11:45:43.537800,  351.92814
2022-06-17 11:45:43.547400,  351.92706
2022-06-17 11:45:43.556999,  351.92682
2022-06-17 11:45:43.566599,  351.92659
2022-06-17 11:45:43.576200,  351.92659
2022-06-17 11:45:43.585799,  351.92647
2022-06-17 11:45:43.595399,  351.92647
2022-06-17 11:45:43.604999,  351.92635
2022-06-17 11:45:43.614599,  351.92635
2022-06-17 11:45:43.624199,  351.92635
2022-06-17 11:45:43.633799,  351.92599
2022-06-17 11:45:43.643399,  351.92563
2022-06-17 11:45:43.652999,  351.92563
2022-06-17 11:45:43.662599,  351.92551
2022-06-17 11:45:43.672199,  351.92551
2022-06-17 11:45:43.681799,  351.92551
2022-06-17 11:45:43.691399,  351.92539
2022-06-17 11:45:43.700999,  351.92480
2022-06-17 11:45:43.710599,  351.92539
2022-06-17 11:45:43.720199,  351.92551
2022-06-17 11:45:43.729799,  351.92551
2022-06-17 11:45:43.739399,  351.92539
2022-06-17 11:45:43.748999,  351.92492
2022-06-17 11:45:43.758599,  351.92539
2022-06-17 11:45:43.768199,  351.92551
2022-06-17 11:45:43.777799,  351.92551
2022-06-17 11:45:43.787399,  351.92587
2022-06-17 11:45:43.796999,  351.92587
2022-06-17 11:45:43.806599,  351.92587
2022-06-17 11:45:43.816199,  351.92587
2022-06-17 11:45:43.825799,  351.92587
2022-06-17 11:45:43.835399,  351.92587
2022-06-17 11:45:43.844999,  351.92551
2022-06-17 11:45:43.854599,  351.92551
2022-06-17 11:45:43.864199,  351.92468
2022-06-17 11:45:43.873799,  351.92468
2022-06-17 11:45:43.883399,  351.92468
2022-06-17 11:45:43.892999,  351.92468
2022-06-17 11:45:43.902599,  351.92468
2022-06-17 11:45:43.912199,  351.92539
2022-06-17 11:45:43.921799,  351.92539
2022-06-17 11:45:43.931399,  351.92539
2022-06-17 11:45:43.940999,  351.92551
2022-06-17 11:45:43.950599,  351.92551
2022-06-17 11:45:43.960199,  351.92551
2022-06-17 11:45:43.969799,  351.92551
2022-06-17 11:45:43.979399,  351.92539
2022-06-17 11:45:43.988999,  351.92492
2022-06-17 11:45:43.998599,  351.92492
2022-06-17 11:45:44.008199,  351.92492
2022-06-17 11:45:44.017799,  351.92456
2022-06-17 11:45:44.027399,  351.92456
2022-06-17 11:45:44.036999,  351.92456
2022-06-17 11:45:44.046599,  351.92456
2022-06-17 11:45:44.056199,  351.92468
2022-06-17 11:45:44.065799,  351.92551
2022-06-17 11:45:44.075399,  351.92551
2022-06-17 11:45:44.084999,  351.92551
2022-06-17 11:45:44.094599,  351.92468
2022-06-17 11:45:44.104199,  351.92468
2022-06-17 11:45:44.113799,  351.92456
2022-06-17 11:45:44.123399,  351.92456
2022-06-17 11:45:44.132999,  351.92456
2022-06-17 11:45:44.142599,  351.92456
2022-06-17 11:45:44.152199,  351.92468
2022-06-17 11:45:44.161799,  351.92468
2022-06-17 11:45:44.171399,  351.92468
2022-06-17 11:45:44.180999,  351.92468
2022-06-17 11:45:44.190599,  351.92468
2022-06-17 11:45:44.200199,  351.92468
2022-06-17 11:45:44.209799,  351.92468
2022-06-17 11:45:44.219399,  351.92444
2022-06-17 11:45:44.228998,  351.92444
2022-06-17 11:45:44.238599,  351.92408
2022-06-17 11:45:44.248199,  351.92396
2022-06-17 11:45:44.257799,  351.92408
2022-06-17 11:45:44.267399,  351.92408
2022-06-17 11:45:44.276999,  351.92408
2022-06-17 11:45:44.286599,  351.92492
2022-06-17 11:45:44.296198,  351.92587
2022-06-17 11:45:44.305799,  351.92587
2022-06-17 11:45:44.315398,  351.92587
2022-06-17 11:45:44.324999,  351.92539
2022-06-17 11:45:44.334598,  351.92563
2022-06-17 11:45:44.344198,  351.92539
2022-06-17 11:45:44.353798,  351.92516
2022-06-17 11:45:44.363399,  351.92492
2022-06-17 11:45:44.372998,  351.92516
2022-06-17 11:45:44.382598,  351.92539
2022-06-17 11:45:44.392198,  351.92563
2022-06-17 11:45:44.401798,  351.92551
2022-06-17 11:45:44.411398,  351.92551
2022-06-17 11:45:44.420998,  351.92587
2022-06-17 11:45:44.430598,  351.92587
2022-06-17 11:45:44.440198,  351.92587
2022-06-17 11:45:44.449798,  351.92551
2022-06-17 11:45:44.459398,  351.92551
2022-06-17 11:45:44.468998,  351.92468
2022-06-17 11:45:44.478598,  351.92468
2022-06-17 11:45:44.488198,  351.92384
2022-06-17 11:45:44.497798,  351.92373
2022-06-17 11:45:44.507398,  351.92373
2022-06-17 11:45:44.516998,  351.92325
2022-06-17 11:45:44.526598,  351.92265
2022-06-17 11:45:44.536198,  351.92253
2022-06-17 11:45:44.545798,  351.92253
2022-06-17 11:45:44.555398,  351.92253
2022-06-17 11:45:44.564998,  351.92253
2022-06-17 11:45:44.574598,  351.92253
2022-06-17 11:45:44.584198,  351.92253
2022-06-17 11:45:44.593798,  351.92277
2022-06-17 11:45:44.603398,  351.92373
2022-06-17 11:45:44.612998,  351.92289
2022-06-17 11:45:44.622598,  351.92289
2022-06-17 11:45:44.632198,  351.92384
2022-06-17 11:45:44.641798,  351.92384
2022-06-17 11:45:44.651398,  351.92384
2022-06-17 11:45:44.660998,  351.92420
2022-06-17 11:45:44.670598,  351.92420
2022-06-17 11:45:44.680198,  351.92420
2022-06-17 11:45:44.689798,  351.92420
2022-06-17 11:45:44.699398,  351.92420
2022-06-17 11:45:44.708997,  351.92420
2022-06-17 11:45:44.718598,  351.92456
2022-06-17 11:45:44.728198,  351.92456
2022-06-17 11:45:44.737797,  351.92456
2022-06-17 11:45:44.747398,  351.92563
2022-06-17 11:45:44.756998,  351.92587
2022-06-17 11:45:44.766598,  351.92587
2022-06-17 11:45:44.776197,  351.92563
2022-06-17 11:45:44.785798,  351.92563
2022-06-17 11:45:44.795398,  351.92551
2022-06-17 11:45:44.804997,  351.92551
2022-06-17 11:45:44.814597,  351.92551
2022-06-17 11:45:44.824198,  351.92551
2022-06-17 11:45:44.833797,  351.92551
2022-06-17 11:45:44.843397,  351.92575
2022-06-17 11:45:44.852997,  351.92575
2022-06-17 11:45:44.862597,  351.92599
2022-06-17 11:45:44.872197,  351.92611
2022-06-17 11:45:44.881797,  351.92599
2022-06-17 11:45:44.891397,  351.92599
2022-06-17 11:45:44.900997,  351.92706
2022-06-17 11:45:44.910597,  351.92599
2022-06-17 11:45:44.920197,  351.92635
2022-06-17 11:45:44.929797,  351.92766
2022-06-17 11:45:44.939397,  351.92635
2022-06-17 11:45:44.948997,  351.92635
2022-06-17 11:45:44.958597,  351.92623
2022-06-17 11:45:44.968197,  351.92587
2022-06-17 11:45:44.977797,  351.92623
2022-06-17 11:45:44.987397,  351.92587
2022-06-17 11:45:44.996997,  351.92587
2022-06-17 11:45:45.006597,  351.92587
2022-06-17 11:45:45.016197,  351.92575
2022-06-17 11:45:45.025797,  351.92587
2022-06-17 11:45:45.035397,  351.92587
2022-06-17 11:45:45.044997,  351.92539
2022-06-17 11:45:45.054597,  351.92539
2022-06-17 11:45:45.064197,  351.92516
2022-06-17 11:45:45.073797,  351.92444
2022-06-17 11:45:45.083397,  351.92444
2022-06-17 11:45:45.092997,  351.92420
2022-06-17 11:45:45.102597,  351.92444
2022-06-17 11:45:45.112197,  351.92444
2022-06-17 11:45:45.121797,  351.92444
2022-06-17 11:45:45.131397,  351.92480
2022-06-17 11:45:45.140997,  351.92480
2022-06-17 11:45:45.150597,  351.92480
2022-06-17 11:45:45.160197,  351.92492
2022-06-17 11:45:45.169797,  351.92480
2022-06-17 11:45:45.179397,  351.92480
2022-06-17 11:45:45.188997,  351.92456
2022-06-17 11:45:45.198597,  351.92432
2022-06-17 11:45:45.208197,  351.92432
2022-06-17 11:45:45.217797,  351.92408
2022-06-17 11:45:45.227397,  351.92408
2022-06-17 11:45:45.236997,  351.92420
2022-06-17 11:45:45.246597,  351.92420
2022-06-17 11:45:45.256196,  351.92492
2022-06-17 11:45:45.265797,  351.92492
2022-06-17 11:45:45.275397,  351.92480
2022-06-17 11:45:45.284997,  351.92480
2022-06-17 11:45:45.294596,  351.92420
2022-06-17 11:45:45.304197,  351.92444
2022-06-17 11:45:45.313796,  351.92408
2022-06-17 11:45:45.323396,  351.92325
2022-06-17 11:45:45.332996,  351.92301
2022-06-17 11:45:45.342597,  351.92301
2022-06-17 11:45:45.352196,  351.92349
2022-06-17 11:45:45.361796,  351.92349
2022-06-17 11:45:45.371396,  351.92301
2022-06-17 11:45:45.380996,  351.92349
2022-06-17 11:45:45.390596,  351.92384
2022-06-17 11:45:45.400196,  351.92384
2022-06-17 11:45:45.409796,  351.92384
2022-06-17 11:45:45.419396,  351.92408
2022-06-17 11:45:45.428996,  351.92384
2022-06-17 11:45:45.438596,  351.92408
2022-06-17 11:45:45.448196,  351.92408
2022-06-17 11:45:45.457796,  351.92408
2022-06-17 11:45:45.467396,  351.92444
2022-06-17 11:45:45.476996,  351.92432
2022-06-17 11:45:45.486596,  351.92468
2022-06-17 11:45:45.496196,  351.92516
2022-06-17 11:45:45.505796,  351.92516
2022-06-17 11:45:45.515396,  351.92539
2022-06-17 11:45:45.524996,  351.92587
2022-06-17 11:45:45.534596,  351.92587
2022-06-17 11:45:45.544196,  351.92623
2022-06-17 11:45:45.553796,  351.92623
2022-06-17 11:45:45.563396,  351.92623
2022-06-17 11:45:45.572996,  351.92623
2022-06-17 11:45:45.582596,  351.92659
2022-06-17 11:45:45.592196,  351.92659
2022-06-17 11:45:45.601796,  351.92682
2022-06-17 11:45:45.611396,  351.92718
2022-06-17 11:45:45.620996,  351.92682
2022-06-17 11:45:45.630596,  351.92659
2022-06-17 11:45:45.640196,  351.92659
2022-06-17 11:45:45.649796,  351.92623
2022-06-17 11:45:45.659396,  351.92718
2022-06-17 11:45:45.668996,  351.92659
2022-06-17 11:45:45.678596,  351.92623
2022-06-17 11:45:45.688196,  351.92659
2022-06-17 11:45:45.697796,  351.92659
2022-06-17 11:45:45.707396,  351.92623
2022-06-17 11:45:45.716996,  351.92623
2022-06-17 11:45:45.726596,  351.92599
2022-06-17 11:45:45.736196,  351.92587
2022-06-17 11:45:45.745796,  351.92587
2022-06-17 11:45:45.755395,  351.92587
2022-06-17 11:45:45.764996,  351.92587
2022-06-17 11:45:45.774595,  351.92575
2022-06-17 11:45:45.784196,  351.92539
2022-06-17 11:45:45.793795,  351.92504
2022-06-17 11:45:45.803396,  351.92504
2022-06-17 11:45:45.812995,  351.92432
2022-06-17 11:45:45.822595,  351.92408
2022-06-17 11:45:45.832195,  351.92408
2022-06-17 11:45:45.841795,  351.92408
2022-06-17 11:45:45.851395,  351.92349
2022-06-17 11:45:45.860995,  351.92337
2022-06-17 11:45:45.870595,  351.92337
2022-06-17 11:45:45.880195,  351.92313
2022-06-17 11:45:45.889795,  351.92337
2022-06-17 11:45:45.899395,  351.92337
2022-06-17 11:45:45.908995,  351.92432
2022-06-17 11:45:45.918595,  351.92468
2022-06-17 11:45:45.928195,  351.92468
2022-06-17 11:45:45.937795,  351.92432
2022-06-17 11:45:45.947395,  351.92468
2022-06-17 11:45:45.956995,  351.92480
2022-06-17 11:45:45.966595,  351.92468
2022-06-17 11:45:45.976195,  351.92408
2022-06-17 11:45:45.985795,  351.92408
2022-06-17 11:45:45.995395,  351.92468
2022-06-17 11:45:46.004995,  351.92468
2022-06-17 11:45:46.014595,  351.92468
2022-06-17 11:45:46.024195,  351.92468
2022-06-17 11:45:46.033795,  351.92480
2022-06-17 11:45:46.043395,  351.92539
2022-06-17 11:45:46.052995,  351.92480
2022-06-17 11:45:46.062595,  351.92480
2022-06-17 11:45:46.072195,  351.92539
2022-06-17 11:45:46.081795,  351.92539
2022-06-17 11:45:46.091395,  351.92504
2022-06-17 11:45:46.100995,  351.92492
2022-06-17 11:45:46.110595,  351.92492
2022-06-17 11:45:46.120195,  351.92504
2022-06-17 11:45:46.129795,  351.92587
2022-06-17 11:45:46.139395,  351.92599
2022-06-17 11:45:46.148995,  351.92599
2022-06-17 11:45:46.158595,  351.92599
2022-06-17 11:45:46.168195,  351.92599
2022-06-17 11:45:46.177795,  351.92599
2022-06-17 11:45:46.187395,  351.92575
2022-06-17 11:45:46.196995,  351.92575
2022-06-17 11:45:46.206595,  351.92575
2022-06-17 11:45:46.216195,  351.92635
2022-06-17 11:45:46.225795,  351.92575
2022-06-17 11:45:46.235394,  351.92635
2022-06-17 11:45:46.244995,  351.92635
2022-06-17 11:45:46.254595,  351.92635
2022-06-17 11:45:46.264194,  351.92635
2022-06-17 11:45:46.273794,  351.92563
2022-06-17 11:45:46.283395,  351.92539
2022-06-17 11:45:46.292994,  351.92539
2022-06-17 11:45:46.302594,  351.92539
2022-06-17 11:45:46.312194,  351.92539
2022-06-17 11:45:46.321795,  351.92551
2022-06-17 11:45:46.331394,  351.92563
2022-06-17 11:45:46.340994,  351.92551
2022-06-17 11:45:46.350594,  351.92575
2022-06-17 11:45:46.360194,  351.92575
2022-06-17 11:45:46.369794,  351.92575
2022-06-17 11:45:46.379394,  351.92444
2022-06-17 11:45:46.388994,  351.92432
2022-06-17 11:45:46.398594,  351.92432
2022-06-17 11:45:46.408194,  351.92432
2022-06-17 11:45:46.417794,  351.92420
2022-06-17 11:45:46.427394,  351.92420
2022-06-17 11:45:46.436994,  351.92432
2022-06-17 11:45:46.446594,  351.92420
2022-06-17 11:45:46.456194,  351.92420
2022-06-17 11:45:46.465794,  351.92420
2022-06-17 11:45:46.475394,  351.92420
2022-06-17 11:45:46.484994,  351.92408
2022-06-17 11:45:46.494594,  351.92349
2022-06-17 11:45:46.504194,  351.92349
2022-06-17 11:45:46.513794,  351.92325
2022-06-17 11:45:46.523394,  351.92325
2022-06-17 11:45:46.532994,  351.92313
2022-06-17 11:45:46.542594,  351.92313
2022-06-17 11:45:46.552194,  351.92313
2022-06-17 11:45:46.561794,  351.92325
2022-06-17 11:45:46.571394,  351.92325
2022-06-17 11:45:46.580994,  351.92325
2022-06-17 11:45:46.590594,  351.92408
2022-06-17 11:45:46.600194,  351.92420
2022-06-17 11:45:46.609794,  351.92468
2022-06-17 11:45:46.619394,  351.92468
2022-06-17 11:45:46.628994,  351.92468
2022-06-17 11:45:46.638594,  351.92468
2022-06-17 11:45:46.648194,  351.92468
2022-06-17 11:45:46.657794,  351.92468
2022-06-17 11:45:46.667394,  351.92468
2022-06-17 11:45:46.676994,  351.92396
2022-06-17 11:45:46.686594,  351.92384
2022-06-17 11:45:46.696194,  351.92384
2022-06-17 11:45:46.705794,  351.92396
2022-06-17 11:45:46.715394,  351.92396
2022-06-17 11:45:46.724994,  351.92396
2022-06-17 11:45:46.734593,  351.92396
2022-06-17 11:45:46.744194,  351.92396
2022-06-17 11:45:46.753793,  351.92432
2022-06-17 11:45:46.763394,  351.92396
2022-06-17 11:45:46.772993,  351.92396
2022-06-17 11:45:46.782593,  351.92516
2022-06-17 11:45:46.792193,  351.92516
2022-06-17 11:45:46.801794,  351.92516
2022-06-17 11:45:46.811393,  351.92516
2022-06-17 11:45:46.820993,  351.92516
2022-06-17 11:45:46.830593,  351.92516
2022-06-17 11:45:46.840193,  351.92516
2022-06-17 11:45:46.849793,  351.92516
2022-06-17 11:45:46.859393,  351.92516
2022-06-17 11:45:46.868993,  351.92480
2022-06-17 11:45:46.878593,  351.92480
2022-06-17 11:45:46.888193,  351.92480
2022-06-17 11:45:46.897793,  351.92444
2022-06-17 11:45:46.907393,  351.92456
2022-06-17 11:45:46.916993,  351.92444
2022-06-17 11:45:46.926593,  351.92444
2022-06-17 11:45:46.936193,  351.92456
2022-06-17 11:45:46.945793,  351.92456
2022-06-17 11:45:46.955393,  351.92432
2022-06-17 11:45:46.964993,  351.92456
2022-06-17 11:45:46.974593,  351.92468
2022-06-17 11:45:46.984193,  351.92468
2022-06-17 11:45:46.993793,  351.92456
2022-06-17 11:45:47.003393,  351.92432
2022-06-17 11:45:47.012993,  351.92456
2022-06-17 11:45:47.022593,  351.92456
2022-06-17 11:45:47.032193,  351.92456
2022-06-17 11:45:47.041793,  351.92432
2022-06-17 11:45:47.051393,  351.92432
2022-06-17 11:45:47.060993,  351.92396
2022-06-17 11:45:47.070593,  351.92408
2022-06-17 11:45:47.080193,  351.92408
2022-06-17 11:45:47.089793,  351.92396
2022-06-17 11:45:47.099393,  351.92396
2022-06-17 11:45:47.108993,  351.92396
2022-06-17 11:45:47.118593,  351.92396
2022-06-17 11:45:47.128193,  351.92396
2022-06-17 11:45:47.137793,  351.92384
2022-06-17 11:45:47.147393,  351.92373
2022-06-17 11:45:47.156993,  351.92373
2022-06-17 11:45:47.166593,  351.92373
2022-06-17 11:45:47.176193,  351.92373
2022-06-17 11:45:47.185793,  351.92373
2022-06-17 11:45:47.195393,  351.92384
2022-06-17 11:45:47.204993,  351.92396
2022-06-17 11:45:47.214592,  351.92396
2022-06-17 11:45:47.224193,  351.92396
2022-06-17 11:45:47.233793,  351.92408
2022-06-17 11:45:47.243392,  351.92420
2022-06-17 11:45:47.252992,  351.92420
2022-06-17 11:45:47.262593,  351.92444
2022-06-17 11:45:47.272192,  351.92539
2022-06-17 11:45:47.281792,  351.92539
2022-06-17 11:45:47.291392,  351.92539
2022-06-17 11:45:47.300992,  351.92551
2022-06-17 11:45:47.310592,  351.92539
2022-06-17 11:45:47.320192,  351.92516
2022-06-17 11:45:47.329792,  351.92504
2022-06-17 11:45:47.339392,  351.92468
2022-06-17 11:45:47.348992,  351.92468
2022-06-17 11:45:47.358592,  351.92468
2022-06-17 11:45:47.368192,  351.92468
2022-06-17 11:45:47.377793,  351.92480
2022-06-17 11:45:47.387392,  351.92480
2022-06-17 11:45:47.396992,  351.92480
2022-06-17 11:45:47.406593,  351.92516
2022-06-17 11:45:47.416193,  351.92516
2022-06-17 11:45:47.425792,  351.92516
2022-06-17 11:45:47.435393,  351.92480
2022-06-17 11:45:47.444993,  351.92516
2022-06-17 11:45:47.454592,  351.92516
2022-06-17 11:45:47.464192,  351.92587
2022-06-17 11:45:47.473793,  351.92587
2022-06-17 11:45:47.483392,  351.92504
2022-06-17 11:45:47.492992,  351.92504
2022-06-17 11:45:47.502593,  351.92516
2022-06-17 11:45:47.512192,  351.92504
2022-06-17 11:45:47.521792,  351.92516
2022-06-17 11:45:47.531392,  351.92468
2022-06-17 11:45:47.540992,  351.92480
2022-06-17 11:45:47.550592,  351.92516
2022-06-17 11:45:47.560192,  351.92504
2022-06-17 11:45:47.569792,  351.92480
2022-06-17 11:45:47.579392,  351.92504
2022-06-17 11:45:47.588992,  351.92504
2022-06-17 11:45:47.598592,  351.92551
2022-06-17 11:45:47.608192,  351.92551
2022-06-17 11:45:47.617792,  351.92551
2022-06-17 11:45:47.627392,  351.92599
2022-06-17 11:45:47.636992,  351.92599
2022-06-17 11:45:47.646592,  351.92551
2022-06-17 11:45:47.656192,  351.92551
2022-06-17 11:45:47.665792,  351.92551
2022-06-17 11:45:47.675392,  351.92468
2022-06-17 11:45:47.684992,  351.92551
2022-06-17 11:45:47.694592,  351.92551
2022-06-17 11:45:47.704192,  351.92468
2022-06-17 11:45:47.713792,  351.92551
2022-06-17 11:45:47.723392,  351.92492
2022-06-17 11:45:47.732992,  351.92504
2022-06-17 11:45:47.742592,  351.92551
2022-06-17 11:45:47.752192,  351.92504
2022-06-17 11:45:47.761792,  351.92504
2022-06-17 11:45:47.771392,  351.92551
2022-06-17 11:45:47.780992,  351.92504
2022-06-17 11:45:47.790592,  351.92551
2022-06-17 11:45:47.800192,  351.92551
2022-06-17 11:45:47.809792,  351.92551
2022-06-17 11:45:47.819392,  351.92551
2022-06-17 11:45:47.828992,  351.92516
2022-06-17 11:45:47.838592,  351.92516
2022-06-17 11:45:47.848192,  351.92539
2022-06-17 11:45:47.857792,  351.92516
2022-06-17 11:45:47.867392,  351.92456
2022-06-17 11:45:47.876992,  351.92420
2022-06-17 11:45:47.886591,  351.92420
2022-06-17 11:45:47.896192,  351.92516
2022-06-17 11:45:47.905792,  351.92516
2022-06-17 11:45:47.915392,  351.92516
2022-06-17 11:45:47.924992,  351.92551
2022-06-17 11:45:47.934592,  351.92635
2022-06-17 11:45:47.944192,  351.92635
2022-06-17 11:45:47.953792,  351.92647
2022-06-17 11:45:47.963392,  351.92635
2022-06-17 11:45:47.972992,  351.92587
2022-06-17 11:45:47.982592,  351.92587
2022-06-17 11:45:47.992192,  351.92575
2022-06-17 11:45:48.001792,  351.92551
2022-06-17 11:45:48.011392,  351.92551
2022-06-17 11:45:48.020992,  351.92551
2022-06-17 11:45:48.030591,  351.92551
2022-06-17 11:45:48.040192,  351.92551
2022-06-17 11:45:48.049792,  351.92575
2022-06-17 11:45:48.059391,  351.92551
2022-06-17 11:45:48.068991,  351.92587
2022-06-17 11:45:48.078592,  351.92647
2022-06-17 11:45:48.088192,  351.92647
2022-06-17 11:45:48.097792,  351.92647
2022-06-17 11:45:48.107392,  351.92647
2022-06-17 11:45:48.116992,  351.92647
2022-06-17 11:45:48.126591,  351.92647
2022-06-17 11:45:48.136192,  351.92623
2022-06-17 11:45:48.145792,  351.92623
2022-06-17 11:45:48.155392,  351.92611
2022-06-17 11:45:48.164991,  351.92611
2022-06-17 11:45:48.174592,  351.92575
2022-06-17 11:45:48.184191,  351.92575
2022-06-17 11:45:48.193791,  351.92575
2022-06-17 11:45:48.203392,  351.92516
2022-06-17 11:45:48.212991,  351.92516
2022-06-17 11:45:48.222592,  351.92516
2022-06-17 11:45:48.232191,  351.92539
2022-06-17 11:45:48.241791,  351.92539
2022-06-17 11:45:48.251391,  351.92539
2022-06-17 11:45:48.260992,  351.92539
2022-06-17 11:45:48.270591,  351.92539
2022-06-17 11:45:48.280191,  351.92599
2022-06-17 11:45:48.289791,  351.92599
2022-06-17 11:45:48.299391,  351.92599
2022-06-17 11:45:48.308991,  351.92575
2022-06-17 11:45:48.318591,  351.92575
2022-06-17 11:45:48.328192,  351.92575
2022-06-17 11:45:48.337791,  351.92575
2022-06-17 11:45:48.347391,  351.92575
2022-06-17 11:45:48.356992,  351.92587
2022-06-17 11:45:48.366591,  351.92587
2022-06-17 11:45:48.376191,  351.92587
2022-06-17 11:45:48.385791,  351.92635
2022-06-17 11:45:48.395391,  351.92587
2022-06-17 11:45:48.404991,  351.92516
2022-06-17 11:45:48.414591,  351.92516
2022-06-17 11:45:48.424191,  351.92504
2022-06-17 11:45:48.433791,  351.92516
2022-06-17 11:45:48.443391,  351.92539
2022-06-17 11:45:48.452991,  351.92539
2022-06-17 11:45:48.462591,  351.92539
2022-06-17 11:45:48.472191,  351.92575
2022-06-17 11:45:48.481791,  351.92551
2022-06-17 11:45:48.491391,  351.92563
2022-06-17 11:45:48.500991,  351.92563
2022-06-17 11:45:48.510591,  351.92551
2022-06-17 11:45:48.520191,  351.92551
2022-06-17 11:45:48.529791,  351.92551
2022-06-17 11:45:48.539391,  351.92456
2022-06-17 11:45:48.548991,  351.92456
2022-06-17 11:45:48.558591,  351.92384
2022-06-17 11:45:48.568191,  351.92456
2022-06-17 11:45:48.577791,  351.92456
2022-06-17 11:45:48.587391,  351.92456
2022-06-17 11:45:48.596991,  351.92396
2022-06-17 11:45:48.606591,  351.92396
2022-06-17 11:45:48.616191,  351.92384
2022-06-17 11:45:48.625791,  351.92349
2022-06-17 11:45:48.635391,  351.92349
2022-06-17 11:45:48.644991,  351.92349
2022-06-17 11:45:48.654591,  351.92349
2022-06-17 11:45:48.664191,  351.92408
2022-06-17 11:45:48.673791,  351.92420
2022-06-17 11:45:48.683391,  351.92420
2022-06-17 11:45:48.692991,  351.92456
2022-06-17 11:45:48.702591,  351.92456
2022-06-17 11:45:48.712191,  351.92456
2022-06-17 11:45:48.721791,  351.92456
2022-06-17 11:45:48.731391,  351.92456
2022-06-17 11:45:48.740991,  351.92456
2022-06-17 11:45:48.750591,  351.92516
2022-06-17 11:45:48.760191,  351.92575
2022-06-17 11:45:48.769791,  351.92635
2022-06-17 11:45:48.779391,  351.92635
2022-06-17 11:45:48.788991,  351.92647
2022-06-17 11:45:48.798591,  351.92682
2022-06-17 11:45:48.808191,  351.92706
2022-06-17 11:45:48.817791,  351.92682
2022-06-17 11:45:48.827391,  351.92682
2022-06-17 11:45:48.836991,  351.92682
2022-06-17 11:45:48.846591,  351.92682
2022-06-17 11:45:48.856191,  351.92682
2022-06-17 11:45:48.865791,  351.92647
2022-06-17 11:45:48.875391,  351.92623
2022-06-17 11:45:48.884991,  351.92599
2022-06-17 11:45:48.894591,  351.92599
2022-06-17 11:45:48.904191,  351.92563
2022-06-17 11:45:48.913790,  351.92516
2022-06-17 11:45:48.923391,  351.92516
2022-06-17 11:45:48.932991,  351.92516
2022-06-17 11:45:48.942590,  351.92599
2022-06-17 11:45:48.952190,  351.92599
2022-06-17 11:45:48.961791,  351.92599
2022-06-17 11:45:48.971390,  351.92599
2022-06-17 11:45:48.980990,  351.92599
2022-06-17 11:45:48.990590,  351.92504
2022-06-17 11:45:49.000190,  351.92456
2022-06-17 11:45:49.009790,  351.92456
2022-06-17 11:45:49.019390,  351.92456
2022-06-17 11:45:49.028990,  351.92456
2022-06-17 11:45:49.038590,  351.92456
2022-06-17 11:45:49.048190,  351.92456
2022-06-17 11:45:49.057790,  351.92504
2022-06-17 11:45:49.067390,  351.92504
2022-06-17 11:45:49.076990,  351.92349
2022-06-17 11:45:49.086590,  351.92349
2022-06-17 11:45:49.096190,  351.92349
2022-06-17 11:45:49.105790,  351.92349
2022-06-17 11:45:49.115390,  351.92349
2022-06-17 11:45:49.124990,  351.92349
2022-06-17 11:45:49.134590,  351.92349
2022-06-17 11:45:49.144190,  351.92325
2022-06-17 11:45:49.153790,  351.92349
2022-06-17 11:45:49.163390,  351.92420
2022-06-17 11:45:49.172990,  351.92420
2022-06-17 11:45:49.182590,  351.92420
2022-06-17 11:45:49.192190,  351.92432
2022-06-17 11:45:49.201790,  351.92444
2022-06-17 11:45:49.211390,  351.92444
2022-06-17 11:45:49.220990,  351.92456
2022-06-17 11:45:49.230590,  351.92456
2022-06-17 11:45:49.240190,  351.92468
2022-06-17 11:45:49.249790,  351.92456
2022-06-17 11:45:49.259390,  351.92468
2022-06-17 11:45:49.268990,  351.92504
2022-06-17 11:45:49.278590,  351.92539
2022-06-17 11:45:49.288190,  351.92539
2022-06-17 11:45:49.297790,  351.92599
2022-06-17 11:45:49.307390,  351.92611
2022-06-17 11:45:49.316990,  351.92611
2022-06-17 11:45:49.326590,  351.92611
2022-06-17 11:45:49.336190,  351.92611
2022-06-17 11:45:49.345790,  351.92623
2022-06-17 11:45:49.355390,  351.92611
2022-06-17 11:45:49.364990,  351.92611
2022-06-17 11:45:49.374590,  351.92599
2022-06-17 11:45:49.384190,  351.92623
2022-06-17 11:45:49.393790,  351.92635
2022-06-17 11:45:49.403390,  351.92647
2022-06-17 11:45:49.412990,  351.92647
2022-06-17 11:45:49.422590,  351.92647
2022-06-17 11:45:49.432190,  351.92647
2022-06-17 11:45:49.441790,  351.92647
2022-06-17 11:45:49.451390,  351.92647
2022-06-17 11:45:49.460990,  351.92575
2022-06-17 11:45:49.470590,  351.92575
2022-06-17 11:45:49.480190,  351.92551
2022-06-17 11:45:49.489790,  351.92539
2022-06-17 11:45:49.499390,  351.92539
2022-06-17 11:45:49.508990,  351.92504
2022-06-17 11:45:49.518590,  351.92504
2022-06-17 11:45:49.528190,  351.92504
2022-06-17 11:45:49.537790,  351.92408
2022-06-17 11:45:49.547390,  351.92396
2022-06-17 11:45:49.556990,  351.92396
2022-06-17 11:45:49.566590,  351.92396
2022-06-17 11:45:49.576190,  351.92396
2022-06-17 11:45:49.585790,  351.92384
2022-06-17 11:45:49.595390,  351.92384
2022-06-17 11:45:49.604990,  351.92373
2022-06-17 11:45:49.614590,  351.92349
2022-06-17 11:45:49.624190,  351.92373
2022-06-17 11:45:49.633790,  351.92373
2022-06-17 11:45:49.643390,  351.92373
2022-06-17 11:45:49.652990,  351.92373
2022-06-17 11:45:49.662590,  351.92325
2022-06-17 11:45:49.672190,  351.92325
2022-06-17 11:45:49.681790,  351.92396
2022-06-17 11:45:49.691390,  351.92396
2022-06-17 11:45:49.700990,  351.92396
2022-06-17 11:45:49.710590,  351.92396
2022-06-17 11:45:49.720190,  351.92396
2022-06-17 11:45:49.729789,  351.92396
2022-06-17 11:45:49.739390,  351.92396
2022-06-17 11:45:49.748990,  351.92396
2022-06-17 11:45:49.758590,  351.92396
2022-06-17 11:45:49.768190,  351.92444
2022-06-17 11:45:49.777790,  351.92444
2022-06-17 11:45:49.787390,  351.92444
2022-06-17 11:45:49.796990,  351.92444
2022-06-17 11:45:49.806590,  351.92456
2022-06-17 11:45:49.816190,  351.92492
2022-06-17 11:45:49.825789,  351.92492
2022-06-17 11:45:49.835390,  351.92444
2022-06-17 11:45:49.844990,  351.92468
2022-06-17 11:45:49.854590,  351.92468
2022-06-17 11:45:49.864189,  351.92492
2022-06-17 11:45:49.873790,  351.92480
2022-06-17 11:45:49.883390,  351.92468
2022-06-17 11:45:49.892989,  351.92468
2022-06-17 11:45:49.902590,  351.92480
2022-06-17 11:45:49.912189,  351.92480
2022-06-17 11:45:49.921790,  351.92468
2022-06-17 11:45:49.931389,  351.92468
2022-06-17 11:45:49.940989,  351.92468
2022-06-17 11:45:49.950589,  351.92504
2022-06-17 11:45:49.960189,  351.92563
2022-06-17 11:45:49.969789,  351.92563
2022-06-17 11:45:49.979389,  351.92611
2022-06-17 11:45:49.988989,  351.92611
2022-06-17 11:45:49.998589,  351.92563
2022-06-17 11:45:50.008189,  351.92551
2022-06-17 11:45:50.017789,  351.92587
2022-06-17 11:45:50.027389,  351.92551
2022-06-17 11:45:50.036989,  351.92551
2022-06-17 11:45:50.046589,  351.92456
2022-06-17 11:45:50.056189,  351.92456
2022-06-17 11:45:50.065789,  351.92587
2022-06-17 11:45:50.075389,  351.92587
2022-06-17 11:45:50.084989,  351.92611
2022-06-17 11:45:50.094589,  351.92611
2022-06-17 11:45:50.104189,  351.92611
2022-06-17 11:45:50.113789,  351.92611
2022-06-17 11:45:50.123389,  351.92492
2022-06-17 11:45:50.132989,  351.92492
2022-06-17 11:45:50.142589,  351.92468
2022-06-17 11:45:50.152189,  351.92396
2022-06-17 11:45:50.161789,  351.92468
2022-06-17 11:45:50.171389,  351.92420
2022-06-17 11:45:50.180989,  351.92456
2022-06-17 11:45:50.190589,  351.92456
2022-06-17 11:45:50.200189,  351.92420
2022-06-17 11:45:50.209789,  351.92456
2022-06-17 11:45:50.219389,  351.92456
2022-06-17 11:45:50.228989,  351.92456
2022-06-17 11:45:50.238589,  351.92504
2022-06-17 11:45:50.248189,  351.92504
2022-06-17 11:45:50.257789,  351.92504
2022-06-17 11:45:50.267389,  351.92504
2022-06-17 11:45:50.276989,  351.92516
2022-06-17 11:45:50.286589,  351.92575
2022-06-17 11:45:50.296189,  351.92563
2022-06-17 11:45:50.305789,  351.92563
2022-06-17 11:45:50.315389,  351.92563
2022-06-17 11:45:50.324989,  351.92563
2022-06-17 11:45:50.334589,  351.92563
2022-06-17 11:45:50.344189,  351.92492
2022-06-17 11:45:50.353789,  351.92480
2022-06-17 11:45:50.363389,  351.92480
2022-06-17 11:45:50.372989,  351.92468
2022-06-17 11:45:50.382589,  351.92480
2022-06-17 11:45:50.392189,  351.92480
2022-06-17 11:45:50.401789,  351.92480
2022-06-17 11:45:50.411389,  351.92480
2022-06-17 11:45:50.420989,  351.92516
2022-06-17 11:45:50.430589,  351.92516
2022-06-17 11:45:50.440189,  351.92516
2022-06-17 11:45:50.449789,  351.92516
2022-06-17 11:45:50.459389,  351.92516
2022-06-17 11:45:50.468988,  351.92516
2022-06-17 11:45:50.478589,  351.92516
2022-06-17 11:45:50.488189,  351.92516
2022-06-17 11:45:50.497789,  351.92647
2022-06-17 11:45:50.507389,  351.92682
2022-06-17 11:45:50.516989,  351.92682
2022-06-17 11:45:50.526589,  351.92682
2022-06-17 11:45:50.536188,  351.92659
2022-06-17 11:45:50.545789,  351.92682
2022-06-17 11:45:50.555388,  351.92682
2022-06-17 11:45:50.564989,  351.92659
2022-06-17 11:45:50.574588,  351.92647
2022-06-17 11:45:50.584188,  351.92647
2022-06-17 11:45:50.593788,  351.92635
2022-06-17 11:45:50.603388,  351.92635
2022-06-17 11:45:50.612988,  351.92635
2022-06-17 11:45:50.622588,  351.92611
2022-06-17 11:45:50.632188,  351.92587
2022-06-17 11:45:50.641788,  351.92587
2022-06-17 11:45:50.651388,  351.92551
2022-06-17 11:45:50.660988,  351.92504
2022-06-17 11:45:50.670588,  351.92468
2022-06-17 11:45:50.680188,  351.92468
2022-06-17 11:45:50.689788,  351.92504
2022-06-17 11:45:50.699388,  351.92504
2022-06-17 11:45:50.708988,  351.92504
2022-06-17 11:45:50.718588,  351.92504
2022-06-17 11:45:50.728188,  351.92468
2022-06-17 11:45:50.737788,  351.92468
2022-06-17 11:45:50.747388,  351.92468
2022-06-17 11:45:50.756988,  351.92408
2022-06-17 11:45:50.766588,  351.92468
2022-06-17 11:45:50.776188,  351.92420
2022-06-17 11:45:50.785788,  351.92468
2022-06-17 11:45:50.795388,  351.92468
2022-06-17 11:45:50.804988,  351.92468
2022-06-17 11:45:50.814588,  351.92432
2022-06-17 11:45:50.824188,  351.92492
2022-06-17 11:45:50.833788,  351.92492
2022-06-17 11:45:50.843388,  351.92504
2022-06-17 11:45:50.852988,  351.92611
2022-06-17 11:45:50.862588,  351.92611
2022-06-17 11:45:50.872188,  351.92611
2022-06-17 11:45:50.881788,  351.92635
2022-06-17 11:45:50.891388,  351.92635
2022-06-17 11:45:50.900988,  351.92635
2022-06-17 11:45:50.910588,  351.92635
2022-06-17 11:45:50.920188,  351.92635
2022-06-17 11:45:50.929788,  351.92635
2022-06-17 11:45:50.939388,  351.92635
2022-06-17 11:45:50.948987,  351.92635
2022-06-17 11:45:50.958588,  351.92706
2022-06-17 11:45:50.968188,  351.92706
2022-06-17 11:45:50.977787,  351.92706
2022-06-17 11:45:50.987388,  351.92706
2022-06-17 11:45:50.996988,  351.92706
2022-06-17 11:45:51.006588,  351.92599
2022-06-17 11:45:51.016187,  351.92575
2022-06-17 11:45:51.025788,  351.92575
2022-06-17 11:45:51.035388,  351.92575
2022-06-17 11:45:51.044987,  351.92575
2022-06-17 11:45:51.054587,  351.92551
2022-06-17 11:45:51.064188,  351.92551
2022-06-17 11:45:51.073787,  351.92551
2022-06-17 11:45:51.083387,  351.92551
2022-06-17 11:45:51.092987,  351.92551
2022-06-17 11:45:51.102587,  351.92551
2022-06-17 11:45:51.112187,  351.92551
2022-06-17 11:45:51.121787,  351.92539
2022-06-17 11:45:51.131387,  351.92539
2022-06-17 11:45:51.140987,  351.92504
2022-06-17 11:45:51.150587,  351.92539
2022-06-17 11:45:51.160187,  351.92539
2022-06-17 11:45:51.169787,  351.92539
2022-06-17 11:45:51.179387,  351.92504
2022-06-17 11:45:51.188987,  351.92539
2022-06-17 11:45:51.198587,  351.92539
2022-06-17 11:45:51.208187,  351.92551
2022-06-17 11:45:51.217787,  351.92539
2022-06-17 11:45:51.227387,  351.92539
2022-06-17 11:45:51.236987,  351.92563
2022-06-17 11:45:51.246587,  351.92563
2022-06-17 11:45:51.256187,  351.92563
2022-06-17 11:45:51.265787,  351.92599
2022-06-17 11:45:51.275387,  351.92599
2022-06-17 11:45:51.284987,  351.92599
2022-06-17 11:45:51.294587,  351.92599
2022-06-17 11:45:51.304187,  351.92599
2022-06-17 11:45:51.313787,  351.92611
2022-06-17 11:45:51.323387,  351.92611
2022-06-17 11:45:51.332987,  351.92611
2022-06-17 11:45:51.342587,  351.92611
2022-06-17 11:45:51.352187,  351.92623
2022-06-17 11:45:51.361787,  351.92623
2022-06-17 11:45:51.371387,  351.92623
2022-06-17 11:45:51.380987,  351.92635
2022-06-17 11:45:51.390587,  351.92635
2022-06-17 11:45:51.400187,  351.92635
2022-06-17 11:45:51.409787,  351.92623
2022-06-17 11:45:51.419387,  351.92587
2022-06-17 11:45:51.428987,  351.92587
2022-06-17 11:45:51.438587,  351.92587
2022-06-17 11:45:51.448187,  351.92587
2022-06-17 11:45:51.457787,  351.92575
2022-06-17 11:45:51.467387,  351.92587
2022-06-17 11:45:51.476987,  351.92635
2022-06-17 11:45:51.486587,  351.92635
2022-06-17 11:45:51.496186,  351.92635
2022-06-17 11:45:51.505787,  351.92635
2022-06-17 11:45:51.515387,  351.92575
2022-06-17 11:45:51.524987,  351.92635
2022-06-17 11:45:51.534586,  351.92575
2022-06-17 11:45:51.544187,  351.92575
2022-06-17 11:45:51.553786,  351.92516
2022-06-17 11:45:51.563386,  351.92575
2022-06-17 11:45:51.572986,  351.92575
2022-06-17 11:45:51.582587,  351.92623
2022-06-17 11:45:51.592186,  351.92575
2022-06-17 11:45:51.601786,  351.92575
2022-06-17 11:45:51.611386,  351.92563
2022-06-17 11:45:51.620986,  351.92575
2022-06-17 11:45:51.630586,  351.92575
2022-06-17 11:45:51.640186,  351.92587
2022-06-17 11:45:51.649786,  351.92563
2022-06-17 11:45:51.659386,  351.92587
2022-06-17 11:45:51.668986,  351.92623
2022-06-17 11:45:51.678586,  351.92623
2022-06-17 11:45:51.688186,  351.92587
2022-06-17 11:45:51.697786,  351.92587
2022-06-17 11:45:51.707386,  351.92623
2022-06-17 11:45:51.716986,  351.92623
2022-06-17 11:45:51.726586,  351.92623
2022-06-17 11:45:51.736186,  351.92623
2022-06-17 11:45:51.745786,  351.92623
2022-06-17 11:45:51.755386,  351.92623
2022-06-17 11:45:51.764986,  351.92599
2022-06-17 11:45:51.774586,  351.92599
2022-06-17 11:45:51.784186,  351.92563
2022-06-17 11:45:51.793786,  351.92563
2022-06-17 11:45:51.803386,  351.92563
2022-06-17 11:45:51.812986,  351.92575
2022-06-17 11:45:51.822586,  351.92575
2022-06-17 11:45:51.832186,  351.92575
2022-06-17 11:45:51.841786,  351.92575
2022-06-17 11:45:51.851386,  351.92575
2022-06-17 11:45:51.860986,  351.92587
2022-06-17 11:45:51.870586,  351.92504
2022-06-17 11:45:51.880186,  351.92504
2022-06-17 11:45:51.889786,  351.92444
2022-06-17 11:45:51.899386,  351.92444
2022-06-17 11:45:51.908986,  351.92444
2022-06-17 11:45:51.918586,  351.92504
2022-06-17 11:45:51.928186,  351.92504
2022-06-17 11:45:51.937786,  351.92575
2022-06-17 11:45:51.947386,  351.92611
2022-06-17 11:45:51.956986,  351.92623
2022-06-17 11:45:51.966586,  351.92635
2022-06-17 11:45:51.976186,  351.92623
2022-06-17 11:45:51.985786,  351.92623
2022-06-17 11:45:51.995385,  351.92635
2022-06-17 11:45:52.004986,  351.92635
2022-06-17 11:45:52.014585,  351.92635
2022-06-17 11:45:52.024186,  351.92635
2022-06-17 11:45:52.033785,  351.92611
2022-06-17 11:45:52.043386,  351.92599
2022-06-17 11:45:52.052985,  351.92563
2022-06-17 11:45:52.062585,  351.92563
2022-06-17 11:45:52.072185,  351.92563
2022-06-17 11:45:52.081785,  351.92563
2022-06-17 11:45:52.091385,  351.92563
2022-06-17 11:45:52.100985,  351.92563
2022-06-17 11:45:52.110585,  351.92563
2022-06-17 11:45:52.120185,  351.92563
2022-06-17 11:45:52.129785,  351.92563
2022-06-17 11:45:52.139385,  351.92551
2022-06-17 11:45:52.148985,  351.92551
2022-06-17 11:45:52.158585,  351.92551
2022-06-17 11:45:52.168185,  351.92611
2022-06-17 11:45:52.177785,  351.92575
2022-06-17 11:45:52.187385,  351.92623
2022-06-17 11:45:52.196985,  351.92611
2022-06-17 11:45:52.206585,  351.92635
2022-06-17 11:45:52.216185,  351.92671
2022-06-17 11:45:52.225785,  351.92682
2022-06-17 11:45:52.235385,  351.92682
2022-06-17 11:45:52.244985,  351.92706
2022-06-17 11:45:52.254585,  351.92718
2022-06-17 11:45:52.264185,  351.92718
2022-06-17 11:45:52.273785,  351.92742
2022-06-17 11:45:52.283385,  351.92706
2022-06-17 11:45:52.292985,  351.92706
2022-06-17 11:45:52.302585,  351.92706
2022-06-17 11:45:52.312185,  351.92706
2022-06-17 11:45:52.321785,  351.92671
2022-06-17 11:45:52.331385,  351.92671
2022-06-17 11:45:52.340985,  351.92623
2022-06-17 11:45:52.350585,  351.92659
2022-06-17 11:45:52.360185,  351.92611
2022-06-17 11:45:52.369785,  351.92611
2022-06-17 11:45:52.379385,  351.92575
2022-06-17 11:45:52.388985,  351.92575
2022-06-17 11:45:52.398585,  351.92575
2022-06-17 11:45:52.408185,  351.92587
2022-06-17 11:45:52.417785,  351.92587
2022-06-17 11:45:52.427385,  351.92599
2022-06-17 11:45:52.436985,  351.92599
2022-06-17 11:45:52.446585,  351.92623
2022-06-17 11:45:52.456185,  351.92623
2022-06-17 11:45:52.465785,  351.92623
2022-06-17 11:45:52.475384,  351.92623
2022-06-17 11:45:52.484985,  351.92623
2022-06-17 11:45:52.494585,  351.92623
2022-06-17 11:45:52.504184,  351.92635
2022-06-17 11:45:52.513784,  351.92623
2022-06-17 11:45:52.523385,  351.92563
2022-06-17 11:45:52.532984,  351.92539
2022-06-17 11:45:52.542584,  351.92539
2022-06-17 11:45:52.552184,  351.92563
2022-06-17 11:45:52.561785,  351.92563
2022-06-17 11:45:52.571384,  351.92563
2022-06-17 11:45:52.580984,  351.92671
2022-06-17 11:45:52.590584,  351.92682
2022-06-17 11:45:52.600184,  351.92682
2022-06-17 11:45:52.609784,  351.92682
2022-06-17 11:45:52.619384,  351.92682
2022-06-17 11:45:52.628984,  351.92682
2022-06-17 11:45:52.638584,  351.92671
2022-06-17 11:45:52.648184,  351.92671
2022-06-17 11:45:52.657784,  351.92671
2022-06-17 11:45:52.667384,  351.92647
2022-06-17 11:45:52.676984,  351.92647
2022-06-17 11:45:52.686584,  351.92671
2022-06-17 11:45:52.696184,  351.92623
2022-06-17 11:45:52.705784,  351.92623
2022-06-17 11:45:52.715384,  351.92659
2022-06-17 11:45:52.724984,  351.92647
2022-06-17 11:45:52.734584,  351.92647
2022-06-17 11:45:52.744184,  351.92623
2022-06-17 11:45:52.753784,  351.92623
2022-06-17 11:45:52.763384,  351.92623
2022-06-17 11:45:52.772984,  351.92623
2022-06-17 11:45:52.782584,  351.92623
2022-06-17 11:45:52.792184,  351.92623
2022-06-17 11:45:52.801784,  351.92623
2022-06-17 11:45:52.811384,  351.92611
2022-06-17 11:45:52.820984,  351.92611
2022-06-17 11:45:52.830584,  351.92611
2022-06-17 11:45:52.840184,  351.92611
2022-06-17 11:45:52.849784,  351.92611
2022-06-17 11:45:52.859384,  351.92611
2022-06-17 11:45:52.868984,  351.92611
2022-06-17 11:45:52.878584,  351.92611
2022-06-17 11:45:52.888184,  351.92599
2022-06-17 11:45:52.897784,  351.92599
2022-06-17 11:45:52.907383,  351.92611
2022-06-17 11:45:52.916984,  351.92599
2022-06-17 11:45:52.926584,  351.92563
2022-06-17 11:45:52.936184,  351.92563
2022-06-17 11:45:52.945783,  351.92599
2022-06-17 11:45:52.955384,  351.92551
2022-06-17 11:45:52.964983,  351.92551
2022-06-17 11:45:52.974583,  351.92551
2022-06-17 11:45:52.984183,  351.92551
2022-06-17 11:45:52.993783,  351.92671
2022-06-17 11:45:53.003384,  351.92706
2022-06-17 11:45:53.012983,  351.92718
2022-06-17 11:45:53.022583,  351.92718
2022-06-17 11:45:53.032183,  351.92706
2022-06-17 11:45:53.041783,  351.92706
2022-06-17 11:45:53.051383,  351.92635
2022-06-17 11:45:53.060983,  351.92623
2022-06-17 11:45:53.070583,  351.92575
2022-06-17 11:45:53.080183,  351.92563
2022-06-17 11:45:53.089783,  351.92563
2022-06-17 11:45:53.099383,  351.92563
2022-06-17 11:45:53.108983,  351.92551
2022-06-17 11:45:53.118583,  351.92551
2022-06-17 11:45:53.128183,  351.92551
2022-06-17 11:45:53.137783,  351.92551
2022-06-17 11:45:53.147383,  351.92611
2022-06-17 11:45:53.156983,  351.92611
2022-06-17 11:45:53.166583,  351.92611
2022-06-17 11:45:53.176183,  351.92635
2022-06-17 11:45:53.185783,  351.92671
2022-06-17 11:45:53.195383,  351.92635
2022-06-17 11:45:53.204983,  351.92611
